CityName,CityCode,DistrictName,ZipCode
Adana,01,Aladað,01720
Adana,01,Ceyhan,01920
Adana,01,Ceyhan,01930
Adana,01,Ceyhan,01940
Adana,01,Ceyhan,01950
Adana,01,Ceyhan,01960
Adana,01,Çukurova,01170
Adana,01,Çukurova,01360
Adana,01,Çukurova,01780
Adana,01,Feke,01660
Adana,01,Ýmamoðlu,01700
Adana,01,Karaisalý,01770
Adana,01,Karataþ,01900
Adana,01,Kozan,01500
Adana,01,Kozan,01510
Adana,01,Kozan,01530
Adana,01,Kozan,01542
Adana,01,Kozan,01555
Adana,01,Pozantý,01470
Adana,01,Pozantý,01490
Adana,01,Saimbeyli,01740
Adana,01,Sarýçam,01250
Adana,01,Sarýçam,01330
Adana,01,Sarýçam,01340
Adana,01,Sarýçam,01400
Adana,01,Sarýçam,01410
Adana,01,Sarýçam,01460
Adana,01,Sarýçam,01790
Adana,01,Seyhan,01010
Adana,01,Seyhan,01020
Adana,01,Seyhan,01030
Adana,01,Seyhan,01040
Adana,01,Seyhan,01050
Adana,01,Seyhan,01060
Adana,01,Seyhan,01070
Adana,01,Seyhan,01080
Adana,01,Seyhan,01100
Adana,01,Seyhan,01110
Adana,01,Seyhan,01120
Adana,01,Seyhan,01130
Adana,01,Seyhan,01140
Adana,01,Seyhan,01150
Adana,01,Seyhan,01160
Adana,01,Seyhan,01180
Adana,01,Seyhan,01190
Adana,01,Seyhan,01200
Adana,01,Seyhan,01355
Adana,01,Seyhan,01365
Adana,01,Seyhan,01430
Adana,01,Tufanbeyli,01640
Adana,01,Yumurtalýk,01680
Adana,01,Yüreðir,01220
Adana,01,Yüreðir,01230
Adana,01,Yüreðir,01240
Adana,01,Yüreðir,01260
Adana,01,Yüreðir,01280
Adana,01,Yüreðir,01290
Adana,01,Yüreðir,01300
Adana,01,Yüreðir,01310
Adana,01,Yüreðir,01350
Adana,01,Yüreðir,01358
Adana,01,Yüreðir,01370
Adana,01,Yüreðir,01375
Adana,01,Yüreðir,01415
Adýyaman,02,Adýyaman,02000
Adýyaman,02,Adýyaman,02030
Adýyaman,02,Adýyaman,02040
Adýyaman,02,Adýyaman,02100
Adýyaman,02,Adýyaman,02200
Adýyaman,02,Adýyaman,02230
Adýyaman,02,Adýyaman,02240
Adýyaman,02,Adýyaman,02260
Adýyaman,02,Adýyaman,02270
Adýyaman,02,Adýyaman,02280
Adýyaman,02,Adýyaman,02290
Adýyaman,02,Besni,02300
Adýyaman,02,Besni,02320
Adýyaman,02,Besni,02330
Adýyaman,02,Besni,02332
Adýyaman,02,Besni,02336
Adýyaman,02,Besni,02340
Adýyaman,02,Besni,02342
Adýyaman,02,Besni,02346
Adýyaman,02,Besni,02348
Adýyaman,02,Çelikhan,02600
Adýyaman,02,Çelikhan,02610
Adýyaman,02,Gerger,02700
Adýyaman,02,Gölbaþý,02500
Adýyaman,02,Gölbaþý,02520
Adýyaman,02,Gölbaþý,02530
Adýyaman,02,Gölbaþý,02540
Adýyaman,02,Kahta,02400
Adýyaman,02,Kahta,02440
Adýyaman,02,Kahta,02450
Adýyaman,02,Samsat,02800
Adýyaman,02,Sincik,02900
Adýyaman,02,Sincik,02920
Adýyaman,02,Tut,02350
Afyonkarahisar,03,Afyon,03030
Afyonkarahisar,03,Afyon,03040
Afyonkarahisar,03,Afyon,03050
Afyonkarahisar,03,Afyon,03080
Afyonkarahisar,03,Afyon,03100
Afyonkarahisar,03,Afyon,03103
Afyonkarahisar,03,Afyon,03140
Afyonkarahisar,03,Afyon,03150
Afyonkarahisar,03,Afyon,03200
Afyonkarahisar,03,Afyon,03204
Afyonkarahisar,03,Afyon,03210
Afyonkarahisar,03,Afyon,03211
Afyonkarahisar,03,Afyon,03212
Afyonkarahisar,03,Afyon,03213
Afyonkarahisar,03,Afyon,03214
Afyonkarahisar,03,Afyon,03215
Afyonkarahisar,03,Afyon,03216
Afyonkarahisar,03,Afyon,03217
Afyonkarahisar,03,Afyon,03218
Afyonkarahisar,03,Baþmakçý,03450
Afyonkarahisar,03,Baþmakçý,03470
Afyonkarahisar,03,Bayat,03780
Afyonkarahisar,03,Bolvadin,03300
Afyonkarahisar,03,Bolvadin,03320
Afyonkarahisar,03,Bolvadin,03330
Afyonkarahisar,03,Bolvadin,03340
Afyonkarahisar,03,Bolvadin,03350
Afyonkarahisar,03,Çay,03700
Afyonkarahisar,03,Çay,03703
Afyonkarahisar,03,Çay,03705
Afyonkarahisar,03,Çay,03706
Afyonkarahisar,03,Çay,03708
Afyonkarahisar,03,Çay,03709
Afyonkarahisar,03,Çay,03710
Afyonkarahisar,03,Çay,03711
Afyonkarahisar,03,Çay,03720
Afyonkarahisar,03,Çobanlar,03060
Afyonkarahisar,03,Çobanlar,03107
Afyonkarahisar,03,Dazkýrý,03950
Afyonkarahisar,03,Dazkýrý,03980
Afyonkarahisar,03,Dinar,03400
Afyonkarahisar,03,Dinar,03402
Afyonkarahisar,03,Dinar,03410
Afyonkarahisar,03,Dinar,03480
Afyonkarahisar,03,Dinar,03481
Afyonkarahisar,03,Dinar,03482
Afyonkarahisar,03,Dinar,03483
Afyonkarahisar,03,Dinar,03484
Afyonkarahisar,03,Dinar,03490
Afyonkarahisar,03,Dinar,03495
Afyonkarahisar,03,Emirdað,03600
Afyonkarahisar,03,Emirdað,03610
Afyonkarahisar,03,Emirdað,03620
Afyonkarahisar,03,Emirdað,03630
Afyonkarahisar,03,Emirdað,03670
Afyonkarahisar,03,Emirdað,03680
Afyonkarahisar,03,Evciler,03960
Afyonkarahisar,03,Evciler,03970
Afyonkarahisar,03,Hocalar,03530
Afyonkarahisar,03,Hocalar,03533
Afyonkarahisar,03,Ýhsaniye,03370
Afyonkarahisar,03,Ýhsaniye,03373
Afyonkarahisar,03,Ýhsaniye,03374
Afyonkarahisar,03,Ýhsaniye,03375
Afyonkarahisar,03,Ýhsaniye,03380
Afyonkarahisar,03,Ýhsaniye,03383
Afyonkarahisar,03,Ýhsaniye,03384
Afyonkarahisar,03,Ýhsaniye,03390
Afyonkarahisar,03,Ýscehisar,03750
Afyonkarahisar,03,Ýscehisar,03752
Afyonkarahisar,03,Ýscehisar,03753
Afyonkarahisar,03,Ýscehisar,03754
Afyonkarahisar,03,Kýzýlören,03560
Afyonkarahisar,03,Sandýklý,03500
Afyonkarahisar,03,Sandýklý,03510
Afyonkarahisar,03,Sandýklý,03514
Afyonkarahisar,03,Sandýklý,03515
Afyonkarahisar,03,Sandýklý,03518
Afyonkarahisar,03,Sandýklý,03520
Afyonkarahisar,03,Sandýklý,03550
Afyonkarahisar,03,Sandýklý,03570
Afyonkarahisar,03,Sandýklý,03575
Afyonkarahisar,03,Sandýklý,03580
Afyonkarahisar,03,Sandýklý,03585
Afyonkarahisar,03,Sincanlý,03090
Afyonkarahisar,03,Sincanlý,03110
Afyonkarahisar,03,Sincanlý,03120
Afyonkarahisar,03,Sincanlý,03121
Afyonkarahisar,03,Sincanlý,03850
Afyonkarahisar,03,Sincanlý,03852
Afyonkarahisar,03,Sincanlý,03853
Afyonkarahisar,03,Sincanlý,03854
Afyonkarahisar,03,Sincanlý,03857
Afyonkarahisar,03,Sincanlý,03858
Afyonkarahisar,03,Sincanlý,03859
Afyonkarahisar,03,Sincanlý,03860
Afyonkarahisar,03,Sincanlý,03870
Afyonkarahisar,03,Sincanlý,03880
Afyonkarahisar,03,Sultandaðý,03900
Afyonkarahisar,03,Sultandaðý,03910
Afyonkarahisar,03,Sultandaðý,03911
Afyonkarahisar,03,Sultandaðý,03920
Afyonkarahisar,03,Sultandaðý,03930
Afyonkarahisar,03,Sultandaðý,03940
Afyonkarahisar,03,Sultandaðý,03941
Afyonkarahisar,03,Sultandaðý,03942
Afyonkarahisar,03,Þuhut,03800
Afyonkarahisar,03,Þuhut,03810
Afyonkarahisar,03,Þuhut,03820
Afyonkarahisar,03,Þuhut,03830
Afyonkarahisar,03,Þuhut,03831
Afyonkarahisar,03,Þuhut,03832
Afyonkarahisar,03,Þuhut,03833
Afyonkarahisar,03,Þuhut,03834
Aðrý,04,Aðrý,04000
Aðrý,04,Aðrý,04100
Aðrý,04,Aðrý,04200
Aðrý,04,Diyadin,04900
Aðrý,04,Doðubeyazýt,04400
Aðrý,04,Doðubeyazýt,04950
Aðrý,04,Eleþkirt,04600
Aðrý,04,Eleþkirt,04620
Aðrý,04,Eleþkirt,04630
Aðrý,04,Eleþkirt,04640
Aðrý,04,Hamur,04850
Aðrý,04,Patnos,04500
Aðrý,04,Taþlýçay,04800
Aðrý,04,Tutak,04700
Aksaray,68,Aðaçören,68600
Aksaray,68,Aðaçören,68610
Aksaray,68,Aksaray,68000
Aksaray,68,Aksaray,68100
Aksaray,68,Aksaray,68105
Aksaray,68,Aksaray,68120
Aksaray,68,Aksaray,68125
Aksaray,68,Aksaray,68130
Aksaray,68,Aksaray,68135
Aksaray,68,Aksaray,68136
Aksaray,68,Aksaray,68140
Aksaray,68,Aksaray,68150
Aksaray,68,Aksaray,68165
Aksaray,68,Aksaray,68170
Aksaray,68,Aksaray,68180
Aksaray,68,Aksaray,68190
Aksaray,68,Aksaray,68200
Aksaray,68,Aksaray,68210
Aksaray,68,Aksaray,68220
Aksaray,68,Aksaray,68230
Aksaray,68,Aksaray,68240
Aksaray,68,Aksaray,68250
Aksaray,68,Aksaray,68260
Aksaray,68,Aksaray,68270
Aksaray,68,Aksaray,68280
Aksaray,68,Aksaray,68290
Aksaray,68,Eskil,68800
Aksaray,68,Gülaðaç,68900
Aksaray,68,Gülaðaç,68910
Aksaray,68,Gülaðaç,68920
Aksaray,68,Gülaðaç,68930
Aksaray,68,Gülaðaç,68940
Aksaray,68,Gülaðaç,68950
Aksaray,68,Güzelyurt,68500
Aksaray,68,Güzelyurt,68570
Aksaray,68,Ortaköy,68400
Aksaray,68,Ortaköy,68440
Aksaray,68,Ortaköy,68450
Aksaray,68,Ortaköy,68460
Aksaray,68,Ortaköy,68470
Aksaray,68,Sarýyahþi,68700
Aksaray,68,Sarýyahþi,68750
Amasya,05,Amasya,05000
Amasya,05,Amasya,05040
Amasya,05,Amasya,05100
Amasya,05,Amasya,05110
Amasya,05,Amasya,05140
Amasya,05,Amasya,05190
Amasya,05,Amasya,05195
Amasya,05,Amasya,05200
Amasya,05,Amasya,05230
Amasya,05,Amasya,05235
Amasya,05,Amasya,05240
Amasya,05,Göynücek,05900
Amasya,05,Göynücek,05910
Amasya,05,Göynücek,05920
Amasya,05,Gümüþhacýköy,05700
Amasya,05,Hamamözü,05720
Amasya,05,Merzifon,05300
Amasya,05,Merzifon,05320
Amasya,05,Suluova,05500
Amasya,05,Taþova,05800
Amasya,05,Taþova,05810
Amasya,05,Taþova,05820
Amasya,05,Taþova,05860
Amasya,05,Taþova,05870
Amasya,05,Taþova,05876
Amasya,05,Taþova,05886
Amasya,05,Taþova,05890
Amasya,05,Taþova,05896
Ankara,06,Akyurt,06750
Ankara,06,Altýndað,06030
Ankara,06,Altýndað,06070
Ankara,06,Altýndað,06080
Ankara,06,Altýndað,06090
Ankara,06,Altýndað,06110
Ankara,06,Altýndað,06130
Ankara,06,Altýndað,06140
Ankara,06,Altýndað,06150
Ankara,06,Altýndað,06160
Ankara,06,Altýndað,06165
Ankara,06,Altýndað,06230
Ankara,06,Altýndað,06250
Ankara,06,Altýndað,06360
Ankara,06,Altýndað,06365
Ankara,06,Ayaþ,06710
Ankara,06,Ayaþ,06714
Ankara,06,Bala,06720
Ankara,06,Bala,06726
Ankara,06,Beypazarý,06730
Ankara,06,Beypazarý,06732
Ankara,06,Beypazarý,06733
Ankara,06,Beypazarý,06734
Ankara,06,Çamlýdere,06740
Ankara,06,Çankaya,06420
Ankara,06,Çankaya,06430
Ankara,06,Çankaya,06450
Ankara,06,Çankaya,06460
Ankara,06,Çankaya,06490
Ankara,06,Çankaya,06510
Ankara,06,Çankaya,06520
Ankara,06,Çankaya,06530
Ankara,06,Çankaya,06540
Ankara,06,Çankaya,06543
Ankara,06,Çankaya,06550
Ankara,06,Çankaya,06570
Ankara,06,Çankaya,06590
Ankara,06,Çankaya,06610
Ankara,06,Çankaya,06660
Ankara,06,Çankaya,06670
Ankara,06,Çankaya,06680
Ankara,06,Çankaya,06690
Ankara,06,Çankaya,06700
Ankara,06,Çankaya,06705
Ankara,06,Çankaya,06800
Ankara,06,Çankaya,06805
Ankara,06,Çubuk,06760
Ankara,06,Çubuk,06970
Ankara,06,Elmadað,06780
Ankara,06,Elmadað,06850
Ankara,06,Etimesgut,06790
Ankara,06,Etimesgut,06794
Ankara,06,Etimesgut,06796
Ankara,06,Etimesgut,06797
Ankara,06,Etimesgut,06820
Ankara,06,Etimesgut,06824
Ankara,06,Etimesgut,06827
Ankara,06,Evren,06770
Ankara,06,Gölbaþý,06830
Ankara,06,Güdül,06840
Ankara,06,Güdül,06842
Ankara,06,Güdül,06843
Ankara,06,Güdül,06844
Ankara,06,Haymana,06860
Ankara,06,Haymana,06863
Ankara,06,Kalecik,06870
Ankara,06,Kazan,06980
Ankara,06,Keçiören,06010
Ankara,06,Keçiören,06020
Ankara,06,Keçiören,06120
Ankara,06,Keçiören,06135
Ankara,06,Keçiören,06220
Ankara,06,Keçiören,06280
Ankara,06,Keçiören,06290
Ankara,06,Keçiören,06291
Ankara,06,Keçiören,06300
Ankara,06,Keçiören,06310
Ankara,06,Keçiören,06790
Ankara,06,Kýzýlcahamam,06890
Ankara,06,Mamak,06260
Ankara,06,Mamak,06263
Ankara,06,Mamak,06270
Ankara,06,Mamak,06320
Ankara,06,Mamak,06340
Ankara,06,Mamak,06350
Ankara,06,Mamak,06470
Ankara,06,Mamak,06480
Ankara,06,Mamak,06620
Ankara,06,Mamak,06630
Ankara,06,Mamak,06635
Ankara,06,Mamak,06852
Ankara,06,Nallýhan,06920
Ankara,06,Nallýhan,06922
Ankara,06,Nallýhan,06925
Ankara,06,Polatlý,06900
Ankara,06,Pursaklar,06145
Ankara,06,Pursaklar,06146
Ankara,06,Sincan,06909
Ankara,06,Sincan,06930
Ankara,06,Sincan,06932
Ankara,06,Sincan,06933
Ankara,06,Sincan,06934
Ankara,06,Sincan,06935
Ankara,06,Sincan,06936
Ankara,06,Sincan,06940
Ankara,06,Sincan,06946
Ankara,06,Sincan,06949
Ankara,06,Þereflikoçhisar,06950
Ankara,06,Yenimahalle,06105
Ankara,06,Yenimahalle,06170
Ankara,06,Yenimahalle,06180
Ankara,06,Yenimahalle,06190
Ankara,06,Yenimahalle,06200
Ankara,06,Yenimahalle,06210
Ankara,06,Yenimahalle,06330
Ankara,06,Yenimahalle,06370
Ankara,06,Yenimahalle,06374
Ankara,06,Yenimahalle,06378
Ankara,06,Yenimahalle,06560
Ankara,06,Yenimahalle,06810
Ankara,06,Yenimahalle,06819
Antalya,07,Akseki,07630
Antalya,07,Akseki,07650
Antalya,07,Aksu,07110
Antalya,07,Alanya,07400
Antalya,07,Alanya,07407
Antalya,07,Alanya,07410
Antalya,07,Alanya,07415
Antalya,07,Alanya,07425
Antalya,07,Alanya,07430
Antalya,07,Alanya,07440
Antalya,07,Alanya,07450
Antalya,07,Alanya,07460
Antalya,07,Alanya,07469
Antalya,07,Alanya,07470
Antalya,07,Alanya,07475
Antalya,07,Alanya,07490
Antalya,07,Demre,07570
Antalya,07,Döþemealtý,07120
Antalya,07,Döþemealtý,07150
Antalya,07,Döþemealtý,07190
Antalya,07,Elmalý,07700
Antalya,07,Elmalý,07715
Antalya,07,Elmalý,07770
Antalya,07,Finike,07740
Antalya,07,Finike,07750
Antalya,07,Finike,07880
Antalya,07,Finike,07930
Antalya,07,Finike,07940
Antalya,07,Gazipaþa,07900
Antalya,07,Gazipaþa,07915
Antalya,07,Gündoðmuþ,07860
Antalya,07,Ýbradý,07680
Antalya,07,Ýbradý,07690
Antalya,07,Kaþ,07580
Antalya,07,Kaþ,07780
Antalya,07,Kaþ,07960
Antalya,07,Kaþ,07965
Antalya,07,Kaþ,07970
Antalya,07,Kaþ,07974
Antalya,07,Kaþ,07975
Antalya,07,Kemer,07980
Antalya,07,Kemer,07990
Antalya,07,Kemer,07994
Antalya,07,Kemer,07995
Antalya,07,Kepez,07020
Antalya,07,Kepez,07060
Antalya,07,Kepez,07080
Antalya,07,Kepez,07090
Antalya,07,Kepez,07170
Antalya,07,Kepez,07210
Antalya,07,Kepez,07220
Antalya,07,Kepez,07260
Antalya,07,Kepez,07320
Antalya,07,Konyaaltý,07070
Antalya,07,Konyaaltý,07130
Antalya,07,Konyaaltý,07140
Antalya,07,Korkuteli,07800
Antalya,07,Korkuteli,07810
Antalya,07,Korkuteli,07830
Antalya,07,Korkuteli,07840
Antalya,07,Kumluca,07350
Antalya,07,Kumluca,07365
Antalya,07,Kumluca,07370
Antalya,07,Kumluca,07390
Antalya,07,Manavgat,07330
Antalya,07,Manavgat,07550
Antalya,07,Manavgat,07600
Antalya,07,Muratpaþa,07010
Antalya,07,Muratpaþa,07030
Antalya,07,Muratpaþa,07040
Antalya,07,Muratpaþa,07050
Antalya,07,Muratpaþa,07100
Antalya,07,Muratpaþa,07160
Antalya,07,Muratpaþa,07200
Antalya,07,Muratpaþa,07230
Antalya,07,Muratpaþa,07300
Antalya,07,Serik,07500
Antalya,07,Serik,07505
Antalya,07,Serik,07510
Antalya,07,Serik,07520
Antalya,07,Serik,07525
Antalya,07,Serik,07540
Antalya,07,Serik,07552
Ardahan,75,Ardahan,75000
Ardahan,75,Çýldýr,75400
Ardahan,75,Çýldýr,75550
Ardahan,75,Damal,75600
Ardahan,75,Göle,75700
Ardahan,75,Göle,75780
Ardahan,75,Hanak,75900
Ardahan,75,Posof,75800
Artvin,08,Ardanuç,08300
Artvin,08,Ardanuç,08390
Artvin,08,Arhavi,08200
Artvin,08,Arhavi,08290
Artvin,08,Artvin,08000
Artvin,08,Artvin,08100
Artvin,08,Borçka,08400
Artvin,08,Borçka,08490
Artvin,08,Hopa,08600
Artvin,08,Hopa,08610
Artvin,08,Hopa,08690
Artvin,08,Murgul,08500
Artvin,08,Murgul,08510
Artvin,08,Murgul,08590
Artvin,08,Þavþat,08700
Artvin,08,Þavþat,08720
Artvin,08,Þavþat,08790
Artvin,08,Yusufeli,08800
Artvin,08,Yusufeli,08820
Artvin,08,Yusufeli,08890
Aydýn,09,Aydýn,09000
Aydýn,09,Aydýn,09010
Aydýn,09,Aydýn,09020
Aydýn,09,Aydýn,09060
Aydýn,09,Aydýn,09090
Aydýn,09,Aydýn,09100
Aydýn,09,Aydýn,09110
Aydýn,09,Aydýn,09120
Aydýn,09,Aydýn,09230
Aydýn,09,Aydýn,09630
Aydýn,09,Bozdoðan,09760
Aydýn,09,Bozdoðan,09780
Aydýn,09,Buharkent,09670
Aydýn,09,Çine,09500
Aydýn,09,Çine,09520
Aydýn,09,Didim,09270
Aydýn,09,Didim,09290
Aydýn,09,Didim,09295
Aydýn,09,Didim,09320
Aydýn,09,Germencik,09330
Aydýn,09,Germencik,09700
Aydýn,09,Germencik,09710
Aydýn,09,Germencik,09720
Aydýn,09,Ýncirliova,09600
Aydýn,09,Ýncirliova,09610
Aydýn,09,Karacasu,09370
Aydýn,09,Karacasu,09380
Aydýn,09,Karacasu,09385
Aydýn,09,Karacasu,09390
Aydýn,09,Karpuzlu,09540
Aydýn,09,Koçarlý,09670
Aydýn,09,Koçarlý,09970
Aydýn,09,Koçarlý,09990
Aydýn,09,Köþk,09570
Aydýn,09,Kuþadasý,09400
Aydýn,09,Kuþadasý,09430
Aydýn,09,Kuþadasý,09460
Aydýn,09,Kuyucak,09930
Aydýn,09,Kuyucak,09935
Aydýn,09,Kuyucak,09940
Aydýn,09,Kuyucak,09950
Aydýn,09,Kuyucak,09965
Aydýn,09,Nazilli,09800
Aydýn,09,Nazilli,09870
Aydýn,09,Nazilli,09900
Aydýn,09,Söke,09170
Aydýn,09,Söke,09200
Aydýn,09,Söke,09206
Aydýn,09,Söke,09207
Aydýn,09,Söke,09220
Aydýn,09,Söke,09230
Aydýn,09,Söke,09250
Aydýn,09,Söke,09260
Aydýn,09,Sultanhisar,09470
Aydýn,09,Sultanhisar,09490
Aydýn,09,Sultanhisar,09650
Aydýn,09,Yenipazar,09350
Balýkesir,10,Ayvalýk,10280
Balýkesir,10,Ayvalýk,10400
Balýkesir,10,Ayvalýk,10405
Balýkesir,10,Ayvalýk,10410
Balýkesir,10,Ayvalýk,10425
Balýkesir,10,Balýkesir,10020
Balýkesir,10,Balýkesir,10030
Balýkesir,10,Balýkesir,10040
Balýkesir,10,Balýkesir,10050
Balýkesir,10,Balýkesir,10085
Balýkesir,10,Balýkesir,10100
Balýkesir,10,Balýkesir,10110
Balýkesir,10,Balýkesir,10140
Balýkesir,10,Balýkesir,10155
Balýkesir,10,Balýkesir,10180
Balýkesir,10,Balya,10160
Balýkesir,10,Balya,10840
Balýkesir,10,Bandýrma,10200
Balýkesir,10,Bandýrma,10245
Balýkesir,10,Bandýrma,10640
Balýkesir,10,Bigadiç,10440
Balýkesir,10,Bigadiç,10443
Balýkesir,10,Bigadiç,10460
Balýkesir,10,Bigadiç,10463
Balýkesir,10,Burhaniye,10700
Balýkesir,10,Burhaniye,10730
Balýkesir,10,Dursunbey,10800
Balýkesir,10,Edremit,10300
Balýkesir,10,Edremit,10305
Balýkesir,10,Edremit,10325
Balýkesir,10,Edremit,10390
Balýkesir,10,Edremit,10395
Balýkesir,10,Edremit,10870
Balýkesir,10,Erdek,10500
Balýkesir,10,Erdek,10510
Balýkesir,10,Erdek,10525
Balýkesir,10,Erdek,10530
Balýkesir,10,Erdek,10975
Balýkesir,10,Gömeç,10715
Balýkesir,10,Gönen,10680
Balýkesir,10,Gönen,10900
Balýkesir,10,Havran,10560
Balýkesir,10,Havran,10565
Balýkesir,10,Ývrindi,10095
Balýkesir,10,Ývrindi,10770
Balýkesir,10,Ývrindi,10775
Balýkesir,10,Ývrindi,10780
Balýkesir,10,Ývrindi,10785
Balýkesir,10,Kepsut,10660
Balýkesir,10,Manyas,10470
Balýkesir,10,Manyas,10480
Balýkesir,10,Manyas,10490
Balýkesir,10,Marmara,10360
Balýkesir,10,Marmara,10365
Balýkesir,10,Marmara,10940
Balýkesir,10,Savaþtepe,10580
Balýkesir,10,Savaþtepe,10590
Balýkesir,10,Sýndýrgý,10330
Balýkesir,10,Susurluk,10600
Balýkesir,10,Susurluk,10610
Balýkesir,10,Susurluk,10615
Bartýn,74,Amasra,74300
Bartýn,74,Amasra,74310
Bartýn,74,Bartýn,74020
Bartýn,74,Bartýn,74100
Bartýn,74,Bartýn,74110
Bartýn,74,Bartýn,74200
Bartýn,74,Bartýn,74400
Bartýn,74,Kurucaþile,74500
Bartýn,74,Kurucaþile,74510
Bartýn,74,Ulus,74410
Bartýn,74,Ulus,74600
Bartýn,74,Ulus,74610
Batman,72,Batman,72000
Batman,72,Batman,72040
Batman,72,Batman,72050
Batman,72,Batman,72060
Batman,72,Batman,72070
Batman,72,Beþiri,72200
Batman,72,Beþiri,72240
Batman,72,Gercüþ,72300
Batman,72,Gercüþ,72310
Batman,72,Hasankeyf,72350
Batman,72,Kozluk,72400
Batman,72,Sason,72500
Bayburt,69,Aydýntepe,69500
Bayburt,69,Bayburt,69000
Bayburt,69,Bayburt,69200
Bayburt,69,Bayburt,69250
Bayburt,69,Bayburt,69300
Bayburt,69,Demirözü,69400
Bayburt,69,Demirözü,69450
Bilecik,11,Bilecik,11000
Bilecik,11,Bilecik,11120
Bilecik,11,Bilecik,11130
Bilecik,11,Bilecik,11230
Bilecik,11,Bozüyük,11300
Bilecik,11,Bozüyük,11440
Bilecik,11,Gölpazarý,11700
Bilecik,11,Ýnhisar,11640
Bilecik,11,Osmaneli,11500
Bilecik,11,Pazaryeri,11800
Bilecik,11,Söðüt,11460
Bilecik,11,Söðüt,11600
Bilecik,11,Söðüt,11645
Bilecik,11,Yenipazar,11780
Bingöl,12,Adaklý,12600
Bingöl,12,Bingöl,12000
Bingöl,12,Genç,12500
Bingöl,12,Genç,12510
Bingöl,12,Karlýova,12900
Bingöl,12,Kiðý,12800
Bingöl,12,Solhan,12700
Bingöl,12,Yayladere,12650
Bingöl,12,Yedisu,12830
Bitlis,13,Adilcevaz,13500
Bitlis,13,Ahlat,13400
Bitlis,13,Bitlis,13000
Bitlis,13,Güroymak,13800
Bitlis,13,Güroymak,13810
Bitlis,13,Hizan,13600
Bitlis,13,Mutki,13700
Bitlis,13,Tatvan,13200
Bolu,14,Bolu,14020
Bolu,14,Bolu,14030
Bolu,14,Bolu,14100
Bolu,14,Bolu,14200
Bolu,14,Bolu,14300
Bolu,14,Dörtdivan,14910
Bolu,14,Gerede,14900
Bolu,14,Göynük,14780
Bolu,14,Kýbrýscýk,14610
Bolu,14,Mengen,14840
Bolu,14,Mengen,14850
Bolu,14,Mengen,14860
Bolu,14,Mudurnu,14800
Bolu,14,Mudurnu,14810
Bolu,14,Seben,14750
Bolu,14,Yeniçaða,14650
Burdur,15,Aðlasun,15800
Burdur,15,Aðlasun,15810
Burdur,15,Aðlasun,15820
Burdur,15,Altýnyayla,15420
Burdur,15,Bucak,15300
Burdur,15,Bucak,15310
Burdur,15,Bucak,15315
Burdur,15,Bucak,15325
Burdur,15,Bucak,15330
Burdur,15,Bucak,15335
Burdur,15,Burdur,15000
Burdur,15,Burdur,15030
Burdur,15,Burdur,15040
Burdur,15,Burdur,15100
Burdur,15,Burdur,15110
Burdur,15,Burdur,15200
Burdur,15,Burdur,15210
Burdur,15,Çavdýr,15900
Burdur,15,Çavdýr,15910
Burdur,15,Çavdýr,15920
Burdur,15,Çavdýr,15930
Burdur,15,Çeltikçi,15070
Burdur,15,Çeltikçi,15075
Burdur,15,Gölhisar,15400
Burdur,15,Gölhisar,15410
Burdur,15,Gölhisar,15425
Burdur,15,Karamanlý,15700
Burdur,15,Kemer,15090
Burdur,15,Tefenni,15600
Burdur,15,Tefenni,15610
Burdur,15,Tefenni,15660
Burdur,15,Yeþilova,15500
Burdur,15,Yeþilova,15515
Burdur,15,Yeþilova,15520
Bursa,16,Büyükorhan,16990
Bursa,16,Gemlik,16600
Bursa,16,Gemlik,16620
Bursa,16,Gemlik,16630
Bursa,16,Gemlik,16650
Bursa,16,Gürsu,16580
Bursa,16,Harmancýk,16770
Bursa,16,Ýnegöl,16400
Bursa,16,Ýnegöl,16415
Bursa,16,Ýnegöl,16440
Bursa,16,Ýznik,16860
Bursa,16,Ýznik,16870
Bursa,16,Ýznik,16890
Bursa,16,Karacabey,16700
Bursa,16,Karacabey,16710
Bursa,16,Keles,16740
Bursa,16,Kestel,16450
Bursa,16,Kestel,16460
Bursa,16,Mudanya,16940
Bursa,16,Mudanya,16950
Bursa,16,Mudanya,16960
Bursa,16,Mudanya,16970
Bursa,16,Mustafakemalpaþa,16500
Bursa,16,Mustafakemalpaþa,16510
Bursa,16,Mustafakemalpaþa,16535
Bursa,16,Mustafakemalpaþa,16536
Bursa,16,Mustafakemalpaþa,16550
Bursa,16,Mustafakemalpaþa,16560
Bursa,16,Mustafakemalpaþa,16561
Bursa,16,Nilüfer,16110
Bursa,16,Nilüfer,16120
Bursa,16,Nilüfer,16130
Bursa,16,Nilüfer,16140
Bursa,16,Nilüfer,16159
Bursa,16,Nilüfer,16285
Bursa,16,Nilüfer,16315
Bursa,16,Orhaneli,16980
Bursa,16,Orhangazi,16800
Bursa,16,Orhangazi,16805
Bursa,16,Orhangazi,16810
Bursa,16,Orhangazi,16815
Bursa,16,Orhangazi,16820
Bursa,16,Orhangazi,16825
Bursa,16,Orhangazi,16850
Bursa,16,Osmangazi,16010
Bursa,16,Osmangazi,16020
Bursa,16,Osmangazi,16030
Bursa,16,Osmangazi,16040
Bursa,16,Osmangazi,16050
Bursa,16,Osmangazi,16060
Bursa,16,Osmangazi,16080
Bursa,16,Osmangazi,16090
Bursa,16,Osmangazi,16150
Bursa,16,Osmangazi,16160
Bursa,16,Osmangazi,16170
Bursa,16,Osmangazi,16190
Bursa,16,Osmangazi,16200
Bursa,16,Osmangazi,16220
Bursa,16,Osmangazi,16240
Bursa,16,Osmangazi,16245
Bursa,16,Osmangazi,16250
Bursa,16,Osmangazi,16260
Bursa,16,Osmangazi,16265
Bursa,16,Osmangazi,16305
Bursa,16,Osmangazi,16335
Bursa,16,Osmangazi,16370
Bursa,16,Yeniþehir,16900
Bursa,16,Yýldýrým,16270
Bursa,16,Yýldýrým,16290
Bursa,16,Yýldýrým,16300
Bursa,16,Yýldýrým,16310
Bursa,16,Yýldýrým,16320
Bursa,16,Yýldýrým,16340
Bursa,16,Yýldýrým,16350
Bursa,16,Yýldýrým,16360
Bursa,16,Yýldýrým,16365
Çanakkale,17,Ayvacýk,17860
Çanakkale,17,Ayvacýk,17980
Çanakkale,17,Bayramiç,17700
Çanakkale,17,Bayramiç,17720
Çanakkale,17,Biga,17200
Çanakkale,17,Biga,17310
Çanakkale,17,Biga,17320
Çanakkale,17,Biga,17950
Çanakkale,17,Bozcaada,17680
Çanakkale,17,Çan,17400
Çanakkale,17,Çan,17410
Çanakkale,17,Çanakkale,17020
Çanakkale,17,Çanakkale,17060
Çanakkale,17,Çanakkale,17100
Çanakkale,17,Çanakkale,17106
Çanakkale,17,Çanakkale,17110
Çanakkale,17,Eceabat,17900
Çanakkale,17,Ezine,17600
Çanakkale,17,Ezine,17610
Çanakkale,17,Ezine,17640
Çanakkale,17,Gelibolu,17340
Çanakkale,17,Gelibolu,17350
Çanakkale,17,Gelibolu,17360
Çanakkale,17,Gelibolu,17500
Çanakkale,17,Gökçeada,17760
Çanakkale,17,Lapseki,17800
Çanakkale,17,Lapseki,17810
Çanakkale,17,Lapseki,17820
Çanakkale,17,Yenice,17550
Çanakkale,17,Yenice,17560
Çanakkale,17,Yenice,17570
Çanakkale,17,Yenice,17580
Çanakkale,17,Yenice,17590
Çankýrý,18,Atkaracalar,18310
Çankýrý,18,Atkaracalar,18315
Çankýrý,18,Bayramören,18320
Çankýrý,18,Çankýrý,18000
Çankýrý,18,Çankýrý,18100
Çankýrý,18,Çankýrý,18200
Çankýrý,18,Çerkeþ,18600
Çankýrý,18,Eldivan,18700
Çankýrý,18,Ilgaz,18400
Çankýrý,18,Ilgaz,18420
Çankýrý,18,Kýzýlýrmak,18280
Çankýrý,18,Korgun,18260
Çankýrý,18,Kurþunlu,18300
Çankýrý,18,Orta,18800
Çankýrý,18,Orta,18810
Çankýrý,18,Orta,18820
Çankýrý,18,Orta,18830
Çankýrý,18,Orta,18850
Çankýrý,18,Orta,18870
Çankýrý,18,Þabanözü,18650
Çankýrý,18,Þabanözü,18660
Çankýrý,18,Þabanözü,18690
Çankýrý,18,Yapraklý,18900
Çankýrý,18,Yapraklý,18910
Çankýrý,18,Yapraklý,18920
Çorum,19,Alaca,19600
Çorum,19,Bayat,19800
Çorum,19,Boðazkale,19310
Çorum,19,Çorum,19030
Çorum,19,Çorum,19040
Çorum,19,Çorum,19100
Çorum,19,Çorum,19200
Çorum,19,Dodurga,19060
Çorum,19,Dodurga,19800
Çorum,19,Ýskilip,19400
Çorum,19,Kargý,19900
Çorum,19,Kargý,19910
Çorum,19,Laçin,19020
Çorum,19,Laçin,19080
Çorum,19,Mecitözü,19700
Çorum,19,Oðuzlar,19070
Çorum,19,Ortaköy,19950
Çorum,19,Osmancýk,19500
Çorum,19,Sungurlu,19300
Çorum,19,Uðurludað,19410
Denizli,20,Acýpayam,20800
Denizli,20,Acýpayam,20810
Denizli,20,Acýpayam,20820
Denizli,20,Acýpayam,20830
Denizli,20,Acýpayam,20840
Denizli,20,Acýpayam,20870
Denizli,20,Acýpayam,20880
Denizli,20,Acýpayam,20890
Denizli,20,Akköy,20260
Denizli,20,Akköy,20265
Denizli,20,Akköy,20280
Denizli,20,Akköy,20290
Denizli,20,Babadað,20480
Denizli,20,Baklan,20770
Denizli,20,Baklan,20780
Denizli,20,Bekilli,20930
Denizli,20,Bekilli,20940
Denizli,20,Beyaðaç,20590
Denizli,20,Bozkurt,20370
Denizli,20,Bozkurt,20380
Denizli,20,Buldan,20400
Denizli,20,Buldan,20410
Denizli,20,Çal,20700
Denizli,20,Çal,20710
Denizli,20,Çal,20720
Denizli,20,Çal,20730
Denizli,20,Çal,20740
Denizli,20,Çal,20750
Denizli,20,Çal,20755
Denizli,20,Çal,20760
Denizli,20,Çal,20765
Denizli,20,Çameli,20980
Denizli,20,Çardak,20350
Denizli,20,Çardak,20360
Denizli,20,Çivril,20600
Denizli,20,Çivril,20610
Denizli,20,Çivril,20620
Denizli,20,Çivril,20630
Denizli,20,Çivril,20640
Denizli,20,Çivril,20650
Denizli,20,Çivril,20670
Denizli,20,Çivril,20675
Denizli,20,Çivril,20680
Denizli,20,Çivril,20690
Denizli,20,Denizli,20010
Denizli,20,Denizli,20020
Denizli,20,Denizli,20070
Denizli,20,Denizli,20085
Denizli,20,Denizli,20100
Denizli,20,Denizli,20125
Denizli,20,Denizli,20150
Denizli,20,Denizli,20155
Denizli,20,Denizli,20175
Denizli,20,Denizli,20180
Denizli,20,Denizli,20185
Denizli,20,Denizli,20200
Denizli,20,Denizli,20210
Denizli,20,Denizli,20225
Denizli,20,Denizli,20254
Denizli,20,Güney,20460
Denizli,20,Honaz,20240
Denizli,20,Honaz,20330
Denizli,20,Kale,20570
Denizli,20,Kale,20575
Denizli,20,Sarayköy,20300
Denizli,20,Sarayköy,20310
Denizli,20,Sarayköy,20315
Denizli,20,Sarayköy,20320
Denizli,20,Sarayköy,20325
Denizli,20,Serinhisar,20430
Denizli,20,Serinhisar,20440
Denizli,20,Tavas,20500
Denizli,20,Tavas,20510
Denizli,20,Tavas,20520
Denizli,20,Tavas,20530
Denizli,20,Tavas,20535
Denizli,20,Tavas,20540
Denizli,20,Tavas,20555
Denizli,20,Tavas,20560
Denizli,20,Tavas,20565
Denizli,20,Tavas,20950
Denizli,20,Tavas,20960
Diyarbakýr,21,Baðlar,21050
Diyarbakýr,21,Baðlar,21060
Diyarbakýr,21,Baðlar,21080
Diyarbakýr,21,Baðlar,21090
Diyarbakýr,21,Bismil,21500
Diyarbakýr,21,Bismil,21510
Diyarbakýr,21,Bismil,21520
Diyarbakýr,21,Çermik,21600
Diyarbakýr,21,Çýnar,21750
Diyarbakýr,21,Çüngüþ,21870
Diyarbakýr,21,Dicle,21830
Diyarbakýr,21,Eðil,21470
Diyarbakýr,21,Ergani,21950
Diyarbakýr,21,Hani,21800
Diyarbakýr,21,Hazro,21560
Diyarbakýr,21,Kayapýnar,21070
Diyarbakýr,21,Kayapýnar,21075
Diyarbakýr,21,Kocaköy,21450
Diyarbakýr,21,Kulp,21900
Diyarbakýr,21,Lice,21700
Diyarbakýr,21,Silvan,21640
Diyarbakýr,21,Sur,21200
Diyarbakýr,21,Sur,21280
Diyarbakýr,21,Sur,21300
Diyarbakýr,21,Sur,21310
Diyarbakýr,21,Yeniþehir,21010
Diyarbakýr,21,Yeniþehir,21100
Diyarbakýr,21,Yeniþehir,21120
Düzce,81,Akçakoca,81650
Düzce,81,Cumayeri,81700
Düzce,81,Çilimli,81750
Düzce,81,Düzce,81010
Düzce,81,Düzce,81020
Düzce,81,Düzce,81030
Düzce,81,Düzce,81100
Düzce,81,Düzce,81600
Düzce,81,Düzce,81620
Düzce,81,Düzce,81630
Düzce,81,Gölyaka,81800
Düzce,81,Gümüþova,81850
Düzce,81,Kaynaþlý,81900
Düzce,81,Yýðýlca,81950
Edirne,22,Edirne,22020
Edirne,22,Edirne,22030
Edirne,22,Edirne,22100
Edirne,22,Edirne,22130
Edirne,22,Edirne,22770
Edirne,22,Enez,22700
Edirne,22,Enez,22750
Edirne,22,Havsa,22500
Edirne,22,Havsa,22530
Edirne,22,Ýpsala,22400
Edirne,22,Ýpsala,22410
Edirne,22,Ýpsala,22420
Edirne,22,Ýpsala,22480
Edirne,22,Ýpsala,22490
Edirne,22,Keþan,22800
Edirne,22,Keþan,22880
Edirne,22,Keþan,22900
Edirne,22,Keþan,22910
Edirne,22,Keþan,22920
Edirne,22,Keþan,22930
Edirne,22,Lalapaþa,22950
Edirne,22,Lalapaþa,22970
Edirne,22,Meriç,22600
Edirne,22,Meriç,22610
Edirne,22,Meriç,22670
Edirne,22,Meriç,22680
Edirne,22,Süloðlu,22560
Edirne,22,Süloðlu,22580
Edirne,22,Uzunköprü,22200
Edirne,22,Uzunköprü,22260
Edirne,22,Uzunköprü,22300
Edirne,22,Uzunköprü,22360
Elazýð,23,Aðýn,23960
Elazýð,23,Alacakaya,23410
Elazýð,23,Arýcak,23510
Elazýð,23,Baskil,23800
Elazýð,23,Elazýð,23040
Elazýð,23,Elazýð,23050
Elazýð,23,Elazýð,23090
Elazýð,23,Elazýð,23100
Elazýð,23,Elazýð,23130
Elazýð,23,Elazýð,23150
Elazýð,23,Elazýð,23180
Elazýð,23,Elazýð,23190
Elazýð,23,Elazýð,23200
Elazýð,23,Elazýð,23250
Elazýð,23,Elazýð,23270
Elazýð,23,Elazýð,23280
Elazýð,23,Elazýð,23300
Elazýð,23,Elazýð,23350
Elazýð,23,Karakoçan,23600
Elazýð,23,Keban,23700
Elazýð,23,Kovancýlar,23850
Elazýð,23,Maden,23400
Elazýð,23,Maden,23460
Elazýð,23,Palu,23500
Elazýð,23,Palu,23530
Elazýð,23,Sivrice,23900
Erzincan,24,Çayýrlý,24500
Erzincan,24,Çayýrlý,24503
Erzincan,24,Erzincan,24002
Erzincan,24,Erzincan,24036
Erzincan,24,Erzincan,24046
Erzincan,24,Erzincan,24050
Erzincan,24,Erzincan,24056
Erzincan,24,Erzincan,24100
Erzincan,24,Erzincan,24131
Erzincan,24,Erzincan,24132
Erzincan,24,Erzincan,24134
Erzincan,24,Erzincan,24139
Erzincan,24,Erzincan,24141
Erzincan,24,Erzincan,24143
Erzincan,24,Erzincan,24145
Erzincan,24,Erzincan,24147
Erzincan,24,Erzincan,24149
Erzincan,24,Erzincan,24171
Erzincan,24,Erzincan,24181
Erzincan,24,Ilýç,24700
Erzincan,24,Ilýç,24710
Erzincan,24,Kemah,24400
Erzincan,24,Kemaliye,24600
Erzincan,24,Kemaliye,24610
Erzincan,24,Kemaliye,24620
Erzincan,24,Otlukbeli,24510
Erzincan,24,Otlukbeli,24515
Erzincan,24,Refahiye,24300
Erzincan,24,Tercan,24800
Erzincan,24,Tercan,24860
Erzincan,24,Tercan,24870
Erzincan,24,Tercan,24880
Erzincan,24,Üzümlü,24150
Erzincan,24,Üzümlü,24160
Erzincan,24,Üzümlü,24165
Erzincan,24,Üzümlü,24175
Erzurum,25,Aþkale,25500
Erzurum,25,Aþkale,25680
Erzurum,25,Aziziye,25700
Erzurum,25,Çat,25750
Erzurum,25,Çat,25760
Erzurum,25,Hýnýs,25600
Erzurum,25,Horasan,25800
Erzurum,25,Ýspir,25900
Erzurum,25,Ýspir,25940
Erzurum,25,Karaçoban,25610
Erzurum,25,Karayazý,25830
Erzurum,25,Karayazý,25840
Erzurum,25,Köprüköy,25320
Erzurum,25,Köprüköy,25340
Erzurum,25,Narman,25530
Erzurum,25,Narman,25534
Erzurum,25,Oltu,25400
Erzurum,25,Olur,25650
Erzurum,25,Palandöken,25060
Erzurum,25,Palandöken,25070
Erzurum,25,Palandöken,25080
Erzurum,25,Palandöken,25090
Erzurum,25,Pasinler,25300
Erzurum,25,Pazaryolu,25930
Erzurum,25,Þenkaya,25360
Erzurum,25,Þenkaya,25370
Erzurum,25,Þenkaya,25380
Erzurum,25,Þenkaya,25390
Erzurum,25,Tekman,25560
Erzurum,25,Tortum,25430
Erzurum,25,Tortum,25460
Erzurum,25,Tortum,25470
Erzurum,25,Tortum,25480
Erzurum,25,Uzundere,25440
Erzurum,25,Yakutiye,25010
Erzurum,25,Yakutiye,25030
Erzurum,25,Yakutiye,25040
Erzurum,25,Yakutiye,25050
Erzurum,25,Yakutiye,25100
Erzurum,25,Yakutiye,25200
Erzurum,25,Yakutiye,25240
Eskiþehir,26,Alpu,26850
Eskiþehir,26,Alpu,26860
Eskiþehir,26,Beylikova,26750
Eskiþehir,26,Çifteler,26700
Eskiþehir,26,Günyüzü,26630
Eskiþehir,26,Günyüzü,26650
Eskiþehir,26,Günyüzü,26663
Eskiþehir,26,Han,26710
Eskiþehir,26,Ýnönü,26670
Eskiþehir,26,Ýnönü,26690
Eskiþehir,26,Mahmudiye,26800
Eskiþehir,26,Mihalgazi,26880
Eskiþehir,26,Mihalýççýk,26900
Eskiþehir,26,Mihalýççýk,26920
Eskiþehir,26,Mihalýççýk,26940
Eskiþehir,26,Odunpazarý,26004
Eskiþehir,26,Odunpazarý,26010
Eskiþehir,26,Odunpazarý,26020
Eskiþehir,26,Odunpazarý,26030
Eskiþehir,26,Odunpazarý,26040
Eskiþehir,26,Odunpazarý,26050
Eskiþehir,26,Odunpazarý,26060
Eskiþehir,26,Odunpazarý,26070
Eskiþehir,26,Odunpazarý,26080
Eskiþehir,26,Odunpazarý,26090
Eskiþehir,26,Odunpazarý,26100
Eskiþehir,26,Odunpazarý,26110
Eskiþehir,26,Odunpazarý,26140
Eskiþehir,26,Odunpazarý,26160
Eskiþehir,26,Odunpazarý,26240
Eskiþehir,26,Odunpazarý,26250
Eskiþehir,26,Odunpazarý,26576
Eskiþehir,26,Sarýcakaya,26870
Eskiþehir,26,Seyitgazi,26950
Eskiþehir,26,Seyitgazi,26960
Eskiþehir,26,Seyitgazi,26970
Eskiþehir,26,Sivrihisar,26600
Eskiþehir,26,Sivrihisar,26625
Eskiþehir,26,Sivrihisar,26640
Eskiþehir,26,Sivrihisar,26657
Eskiþehir,26,Tepebaþý,26005
Eskiþehir,26,Tepebaþý,26120
Eskiþehir,26,Tepebaþý,26130
Eskiþehir,26,Tepebaþý,26150
Eskiþehir,26,Tepebaþý,26170
Eskiþehir,26,Tepebaþý,26180
Eskiþehir,26,Tepebaþý,26190
Eskiþehir,26,Tepebaþý,26200
Eskiþehir,26,Tepebaþý,26210
Eskiþehir,26,Tepebaþý,26220
Eskiþehir,26,Tepebaþý,26230
Eskiþehir,26,Tepebaþý,26550
Eskiþehir,26,Tepebaþý,26555
Eskiþehir,26,Tepebaþý,26560
Eskiþehir,26,Tepebaþý,26563
Gaziantep,27,Araban,27650
Gaziantep,27,Araban,27655
Gaziantep,27,Ýslahiye,27800
Gaziantep,27,Ýslahiye,27805
Gaziantep,27,Ýslahiye,27810
Gaziantep,27,Ýslahiye,27815
Gaziantep,27,Ýslahiye,27820
Gaziantep,27,Karkamýþ,27880
Gaziantep,27,Nizip,27700
Gaziantep,27,Nurdaðý,27840
Gaziantep,27,Nurdaðý,27845
Gaziantep,27,Nurdaðý,27850
Gaziantep,27,Oðuzeli,27900
Gaziantep,27,Oðuzeli,27910
Gaziantep,27,Oðuzeli,27920
Gaziantep,27,Þahinbey,27010
Gaziantep,27,Þahinbey,27070
Gaziantep,27,Þahinbey,27100
Gaziantep,27,Þahinbey,27200
Gaziantep,27,Þahinbey,27220
Gaziantep,27,Þahinbey,27240
Gaziantep,27,Þahinbey,27245
Gaziantep,27,Þahinbey,27260
Gaziantep,27,Þahinbey,27270
Gaziantep,27,Þahinbey,27300
Gaziantep,27,Þahinbey,27400
Gaziantep,27,Þahinbey,27410
Gaziantep,27,Þahinbey,27470
Gaziantep,27,Þehitkamil,27000
Gaziantep,27,Þehitkamil,27060
Gaziantep,27,Þehitkamil,27080
Gaziantep,27,Þehitkamil,27090
Gaziantep,27,Þehitkamil,27110
Gaziantep,27,Þehitkamil,27500
Gaziantep,27,Þehitkamil,27560
Gaziantep,27,Þehitkamil,27580
Gaziantep,27,Þehitkamil,27590
Gaziantep,27,Þehitkamil,27600
Gaziantep,27,Þehitkamil,27610
Gaziantep,27,Þehitkamil,27620
Gaziantep,27,Þehitkamil,27630
Gaziantep,27,Þehitkamil,27660
Gaziantep,27,Yavuzeli,27970
Giresun,28,Alucra,28700
Giresun,28,Bulancak,28300
Giresun,28,Bulancak,28310
Giresun,28,Çamoluk,28710
Giresun,28,Çanakçý,28810
Giresun,28,Çanakçý,28815
Giresun,28,Dereli,28950
Giresun,28,Dereli,28960
Giresun,28,Doðankent,28510
Giresun,28,Espiye,28600
Giresun,28,Eynesil,28850
Giresun,28,Eynesil,28860
Giresun,28,Giresun,28010
Giresun,28,Giresun,28020
Giresun,28,Giresun,28030
Giresun,28,Giresun,28090
Giresun,28,Giresun,28100
Giresun,28,Giresun,28200
Giresun,28,Görele,28800
Giresun,28,Görele,28820
Giresun,28,Güce,28520
Giresun,28,Keþap,28900
Giresun,28,Keþap,28910
Giresun,28,Piraziz,28340
Giresun,28,Þebinkarahisar,28400
Giresun,28,Tirebolu,28500
Giresun,28,Yaðlýdere,28610
Gümüþhane,29,Gümüþhane,29000
Gümüþhane,29,Gümüþhane,29100
Gümüþhane,29,Gümüþhane,29150
Gümüþhane,29,Gümüþhane,29200
Gümüþhane,29,Kelkit,29600
Gümüþhane,29,Köse,29650
Gümüþhane,29,Köse,29660
Gümüþhane,29,Kürtün,29810
Gümüþhane,29,Kürtün,29830
Gümüþhane,29,Þiran,29700
Gümüþhane,29,Þiran,29750
Gümüþhane,29,Torul,29800
Hakkari,30,Çukurca,30700
Hakkari,30,Hakkari,30000
Hakkari,30,Hakkari,30110
Hakkari,30,Þemdinli,30800
Hakkari,30,Yüksekova,30300
Hakkari,30,Yüksekova,30330
Hakkari,30,Yüksekova,30400
Hatay,31,Altýnözü,31750
Hatay,31,Antakya,31030
Hatay,31,Antakya,31040
Hatay,31,Antakya,31060
Hatay,31,Antakya,31070
Hatay,31,Antakya,31075
Hatay,31,Antakya,31080
Hatay,31,Antakya,31115
Hatay,31,Antakya,31120
Hatay,31,Antakya,31135
Hatay,31,Antakya,31145
Hatay,31,Antakya,31155
Hatay,31,Antakya,31160
Hatay,31,Antakya,31170
Hatay,31,Antakya,31175
Hatay,31,Belen,31350
Hatay,31,Dörtyol,31600
Hatay,31,Dörtyol,31900
Hatay,31,Erzin,31960
Hatay,31,Hassa,31700
Hatay,31,Hassa,31710
Hatay,31,Hassa,31720
Hatay,31,Ýskenderun,31200
Hatay,31,Ýskenderun,31230
Hatay,31,Ýskenderun,31240
Hatay,31,Ýskenderun,31285
Hatay,31,Ýskenderun,31300
Hatay,31,Kýrýkhan,31440
Hatay,31,Kýrýkhan,31445
Hatay,31,Kumlu,31520
Hatay,31,Reyhanlý,31500
Hatay,31,Samandað,31185
Hatay,31,Samandað,31770
Hatay,31,Samandað,31795
Hatay,31,Samandað,31800
Hatay,31,Samandað,31810
Hatay,31,Samandað,31815
Hatay,31,Samandað,31820
Hatay,31,Samandað,31825
Hatay,31,Samandað,31835
Hatay,31,Samandað,31855
Hatay,31,Samandað,31865
Hatay,31,Samandað,31880
Hatay,31,Samandað,31885
Hatay,31,Yayladaðý,31550
Hatay,31,Yayladaðý,31553
Hatay,31,Yayladaðý,31560
Hatay,31,Yayladaðý,31570
Iðdýr,76,Aralýk,76500
Iðdýr,76,Iðdýr,76000
Iðdýr,76,Iðdýr,76400
Iðdýr,76,Iðdýr,76410
Iðdýr,76,Iðdýr,76420
Iðdýr,76,Karakoyunlu,76700
Iðdýr,76,Karakoyunlu,76800
Iðdýr,76,Tuzluca,76900
Isparta,32,Aksu,32510
Isparta,32,Aksu,32516
Isparta,32,Atabey,32670
Isparta,32,Atabey,32680
Isparta,32,Eðirdir,32500
Isparta,32,Eðirdir,32503
Isparta,32,Eðirdir,32530
Isparta,32,Eðirdir,32540
Isparta,32,Eðirdir,32550
Isparta,32,Gelendost,32900
Isparta,32,Gelendost,32910
Isparta,32,Gönen,32090
Isparta,32,Gönen,32720
Isparta,32,Isparta,32040
Isparta,32,Isparta,32100
Isparta,32,Isparta,32110
Isparta,32,Isparta,32120
Isparta,32,Isparta,32130
Isparta,32,Isparta,32200
Isparta,32,Isparta,32300
Isparta,32,Keçiborlu,32700
Isparta,32,Keçiborlu,32710
Isparta,32,Keçiborlu,32740
Isparta,32,Keçiborlu,32750
Isparta,32,Keçiborlu,32765
Isparta,32,Senirkent,32600
Isparta,32,Senirkent,32610
Isparta,32,Senirkent,32620
Isparta,32,Senirkent,32640
Isparta,32,Sütçüler,32950
Isparta,32,Sütçüler,32960
Isparta,32,Sütçüler,32965
Isparta,32,Sütçüler,32966
Isparta,32,Þarkikaraaðaç,32800
Isparta,32,Þarkikaraaðaç,32810
Isparta,32,Þarkikaraaðaç,32820
Isparta,32,Þarkikaraaðaç,32840
Isparta,32,Uluborlu,32650
Isparta,32,Yalvaç,32400
Isparta,32,Yalvaç,32406
Isparta,32,Yalvaç,32407
Isparta,32,Yalvaç,32410
Isparta,32,Yalvaç,32415
Isparta,32,Yalvaç,32425
Isparta,32,Yalvaç,32430
Isparta,32,Yalvaç,32440
Isparta,32,Yalvaç,32450
Isparta,32,Yalvaç,32460
Isparta,32,Yalvaç,32470
Isparta,32,Yalvaç,32480
Isparta,32,Yalvaç,32490
Isparta,32,Yeniþarbademli,32850
Ýstanbul,34,Adalar,34970
Ýstanbul,34,Adalar,34973
Ýstanbul,34,Adalar,34975
Ýstanbul,34,Adalar,34977
Ýstanbul,34,Arnavutköy,34275
Ýstanbul,34,Arnavutköy,34281
Ýstanbul,34,Arnavutköy,34283
Ýstanbul,34,Arnavutköy,34285
Ýstanbul,34,Arnavutköy,34287
Ýstanbul,34,Arnavutköy,34555
Ýstanbul,34,Arnavutköy,34557
Ýstanbul,34,Ataþehir,34704
Ýstanbul,34,Ataþehir,34707
Ýstanbul,34,Ataþehir,34746
Ýstanbul,34,Ataþehir,34750
Ýstanbul,34,Ataþehir,34752
Ýstanbul,34,Ataþehir,34755
Ýstanbul,34,Ataþehir,34758
Ýstanbul,34,Ataþehir,34779
Ýstanbul,34,Ataþehir,34888
Ýstanbul,34,Avcýlar,34315
Ýstanbul,34,Avcýlar,34320
Ýstanbul,34,Avcýlar,34325
Ýstanbul,34,Baðcýlar,34200
Ýstanbul,34,Baðcýlar,34203
Ýstanbul,34,Baðcýlar,34204
Ýstanbul,34,Baðcýlar,34209
Ýstanbul,34,Baðcýlar,34210
Ýstanbul,34,Baðcýlar,34212
Ýstanbul,34,Baðcýlar,34214
Ýstanbul,34,Baðcýlar,34218
Ýstanbul,34,Bahçelievler,34180
Ýstanbul,34,Bahçelievler,34182
Ýstanbul,34,Bahçelievler,34183
Ýstanbul,34,Bahçelievler,34186
Ýstanbul,34,Bahçelievler,34188
Ýstanbul,34,Bahçelievler,34191
Ýstanbul,34,Bahçelievler,34192
Ýstanbul,34,Bahçelievler,34194
Ýstanbul,34,Bahçelievler,34196
Ýstanbul,34,Bahçelievler,34197
Ýstanbul,34,Bakýrköy,34140
Ýstanbul,34,Bakýrköy,34142
Ýstanbul,34,Bakýrköy,34145
Ýstanbul,34,Bakýrköy,34146
Ýstanbul,34,Bakýrköy,34147
Ýstanbul,34,Bakýrköy,34149
Ýstanbul,34,Bakýrköy,34153
Ýstanbul,34,Bakýrköy,34158
Ýstanbul,34,Baþakþehir,34480
Ýstanbul,34,Baþakþehir,34488
Ýstanbul,34,Baþakþehir,34490
Ýstanbul,34,Baþakþehir,34494
Ýstanbul,34,Bayrampaþa,34030
Ýstanbul,34,Bayrampaþa,34035
Ýstanbul,34,Bayrampaþa,34040
Ýstanbul,34,Bayrampaþa,34045
Ýstanbul,34,Beþiktaþ,34330
Ýstanbul,34,Beþiktaþ,34335
Ýstanbul,34,Beþiktaþ,34337
Ýstanbul,34,Beþiktaþ,34340
Ýstanbul,34,Beþiktaþ,34342
Ýstanbul,34,Beþiktaþ,34345
Ýstanbul,34,Beþiktaþ,34347
Ýstanbul,34,Beþiktaþ,34349
Ýstanbul,34,Beþiktaþ,34353
Ýstanbul,34,Beþiktaþ,34357
Ýstanbul,34,Beykoz,34800
Ýstanbul,34,Beykoz,34805
Ýstanbul,34,Beykoz,34810
Ýstanbul,34,Beykoz,34815
Ýstanbul,34,Beykoz,34820
Ýstanbul,34,Beykoz,34825
Ýstanbul,34,Beykoz,34829
Ýstanbul,34,Beykoz,34830
Ýstanbul,34,Beylikdüzü,34520
Ýstanbul,34,Beylikdüzü,34524
Ýstanbul,34,Beylikdüzü,34528
Ýstanbul,34,Beyoðlu,34421
Ýstanbul,34,Beyoðlu,34425
Ýstanbul,34,Beyoðlu,34427
Ýstanbul,34,Beyoðlu,34430
Ýstanbul,34,Beyoðlu,34433
Ýstanbul,34,Beyoðlu,34435
Ýstanbul,34,Beyoðlu,34437
Ýstanbul,34,Beyoðlu,34440
Ýstanbul,34,Beyoðlu,34445
Ýstanbul,34,Büyükçekmece,34500
Ýstanbul,34,Büyükçekmece,34530
Ýstanbul,34,Büyükçekmece,34535
Ýstanbul,34,Büyükçekmece,34537
Ýstanbul,34,Büyükçekmece,34584
Ýstanbul,34,Çatalca,34540
Ýstanbul,34,Çatalca,34550
Ýstanbul,34,Çatalca,34560
Ýstanbul,34,Çatalca,34562
Ýstanbul,34,Çekmeköy,34782
Ýstanbul,34,Çekmeköy,34788
Ýstanbul,34,Çekmeköy,34794
Ýstanbul,34,Çekmeköy,34799
Ýstanbul,34,Esenler,34220
Ýstanbul,34,Esenler,34225
Ýstanbul,34,Esenler,34230
Ýstanbul,34,Esenler,34235
Ýstanbul,34,Esenyurt,34510
Ýstanbul,34,Esenyurt,34513
Ýstanbul,34,Esenyurt,34515
Ýstanbul,34,Esenyurt,34517
Ýstanbul,34,Esenyurt,34522
Ýstanbul,34,Esenyurt,34538
Ýstanbul,34,Eyüp,34050
Ýstanbul,34,Eyüp,34055
Ýstanbul,34,Eyüp,34060
Ýstanbul,34,Eyüp,34065
Ýstanbul,34,Eyüp,34070
Ýstanbul,34,Eyüp,34075
Ýstanbul,34,Eyüp,34076
Ýstanbul,34,Eyüp,34077
Ýstanbul,34,Fatih,34080
Ýstanbul,34,Fatih,34083
Ýstanbul,34,Fatih,34087
Ýstanbul,34,Fatih,34091
Ýstanbul,34,Fatih,34093
Ýstanbul,34,Fatih,34096
Ýstanbul,34,Fatih,34098
Ýstanbul,34,Fatih,34104
Ýstanbul,34,Fatih,34107
Ýstanbul,34,Fatih,34110
Ýstanbul,34,Fatih,34112
Ýstanbul,34,Fatih,34116
Ýstanbul,34,Fatih,34120
Ýstanbul,34,Fatih,34122
Ýstanbul,34,Fatih,34126
Ýstanbul,34,Fatih,34130
Ýstanbul,34,Fatih,34134
Ýstanbul,34,Gaziosmanpaþa,34240
Ýstanbul,34,Gaziosmanpaþa,34245
Ýstanbul,34,Gaziosmanpaþa,34250
Ýstanbul,34,Gaziosmanpaþa,34255
Ýstanbul,34,Güngören,34160
Ýstanbul,34,Güngören,34164
Ýstanbul,34,Güngören,34165
Ýstanbul,34,Güngören,34173
Ýstanbul,34,Kadýköy,34710
Ýstanbul,34,Kadýköy,34714
Ýstanbul,34,Kadýköy,34716
Ýstanbul,34,Kadýköy,34718
Ýstanbul,34,Kadýköy,34720
Ýstanbul,34,Kadýköy,34722
Ýstanbul,34,Kadýköy,34724
Ýstanbul,34,Kadýköy,34726
Ýstanbul,34,Kadýköy,34728
Ýstanbul,34,Kadýköy,34730
Ýstanbul,34,Kadýköy,34732
Ýstanbul,34,Kadýköy,34734
Ýstanbul,34,Kadýköy,34736
Ýstanbul,34,Kadýköy,34738
Ýstanbul,34,Kadýköy,34740
Ýstanbul,34,Kadýköy,34742
Ýstanbul,34,Kadýköy,34744
Ýstanbul,34,Kaðýthane,34400
Ýstanbul,34,Kaðýthane,34403
Ýstanbul,34,Kaðýthane,34406
Ýstanbul,34,Kaðýthane,34408
Ýstanbul,34,Kaðýthane,34410
Ýstanbul,34,Kaðýthane,34413
Ýstanbul,34,Kaðýthane,34415
Ýstanbul,34,Kaðýthane,34418
Ýstanbul,34,Kartal,34860
Ýstanbul,34,Kartal,34862
Ýstanbul,34,Kartal,34865
Ýstanbul,34,Kartal,34870
Ýstanbul,34,Kartal,34873
Ýstanbul,34,Kartal,34876
Ýstanbul,34,Kartal,34880
Ýstanbul,34,Kartal,34882
Ýstanbul,34,Küçükçekmece,34290
Ýstanbul,34,Küçükçekmece,34295
Ýstanbul,34,Küçükçekmece,34303
Ýstanbul,34,Küçükçekmece,34307
Ýstanbul,34,Maltepe,34840
Ýstanbul,34,Maltepe,34841
Ýstanbul,34,Maltepe,34843
Ýstanbul,34,Maltepe,34844
Ýstanbul,34,Maltepe,34846
Ýstanbul,34,Maltepe,34848
Ýstanbul,34,Maltepe,34852
Ýstanbul,34,Maltepe,34854
Ýstanbul,34,Maltepe,34858
Ýstanbul,34,Pendik,34890
Ýstanbul,34,Pendik,34893
Ýstanbul,34,Pendik,34896
Ýstanbul,34,Pendik,34899
Ýstanbul,34,Pendik,34903
Ýstanbul,34,Pendik,34906
Ýstanbul,34,Pendik,34909
Ýstanbul,34,Pendik,34912
Ýstanbul,34,Pendik,34916
Ýstanbul,34,Sancaktepe,34785
Ýstanbul,34,Sancaktepe,34791
Ýstanbul,34,Sancaktepe,34885
Ýstanbul,34,Sancaktepe,34887
Ýstanbul,34,Sarýyer,34450
Ýstanbul,34,Sarýyer,34453
Ýstanbul,34,Sarýyer,34457
Ýstanbul,34,Sarýyer,34460
Ýstanbul,34,Sarýyer,34464
Ýstanbul,34,Sarýyer,34467
Ýstanbul,34,Sarýyer,34470
Ýstanbul,34,Sarýyer,34473
Ýstanbul,34,Silivri,34570
Ýstanbul,34,Silivri,34580
Ýstanbul,34,Silivri,34582
Ýstanbul,34,Silivri,34590
Ýstanbul,34,Sultanbeyli,34920
Ýstanbul,34,Sultanbeyli,34925
Ýstanbul,34,Sultanbeyli,34930
Ýstanbul,34,Sultanbeyli,34935
Ýstanbul,34,Sultangazi,34260
Ýstanbul,34,Sultangazi,34265
Ýstanbul,34,Sultangazi,34270
Ýstanbul,34,Þile,34980
Ýstanbul,34,Þile,34990
Ýstanbul,34,Þiþli,34360
Ýstanbul,34,Þiþli,34363
Ýstanbul,34,Þiþli,34365
Ýstanbul,34,Þiþli,34367
Ýstanbul,34,Þiþli,34371
Ýstanbul,34,Þiþli,34373
Ýstanbul,34,Þiþli,34375
Ýstanbul,34,Þiþli,34377
Ýstanbul,34,Þiþli,34379
Ýstanbul,34,Þiþli,34380
Ýstanbul,34,Þiþli,34381
Ýstanbul,34,Þiþli,34382
Ýstanbul,34,Þiþli,34384
Ýstanbul,34,Þiþli,34387
Ýstanbul,34,Þiþli,34394
Ýstanbul,34,Þiþli,34396
Ýstanbul,34,Þiþli,34398
Ýstanbul,34,Tuzla,34940
Ýstanbul,34,Tuzla,34944
Ýstanbul,34,Tuzla,34947
Ýstanbul,34,Tuzla,34950
Ýstanbul,34,Tuzla,34953
Ýstanbul,34,Tuzla,34956
Ýstanbul,34,Tuzla,34959
Ýstanbul,34,Ümraniye,34760
Ýstanbul,34,Ümraniye,34762
Ýstanbul,34,Ümraniye,34764
Ýstanbul,34,Ümraniye,34766
Ýstanbul,34,Ümraniye,34768
Ýstanbul,34,Ümraniye,34771
Ýstanbul,34,Ümraniye,34773
Ýstanbul,34,Ümraniye,34774
Ýstanbul,34,Ümraniye,34775
Ýstanbul,34,Ümraniye,34776
Ýstanbul,34,Üsküdar,34660
Ýstanbul,34,Üsküdar,34662
Ýstanbul,34,Üsküdar,34664
Ýstanbul,34,Üsküdar,34668
Ýstanbul,34,Üsküdar,34672
Ýstanbul,34,Üsküdar,34674
Ýstanbul,34,Üsküdar,34676
Ýstanbul,34,Üsküdar,34680
Ýstanbul,34,Üsküdar,34682
Ýstanbul,34,Üsküdar,34684
Ýstanbul,34,Üsküdar,34688
Ýstanbul,34,Üsküdar,34690
Ýstanbul,34,Üsküdar,34692
Ýstanbul,34,Üsküdar,34696
Ýstanbul,34,Üsküdar,34699
Ýstanbul,34,Üsküdar,34700
Ýstanbul,34,Zeytinburnu,34010
Ýstanbul,34,Zeytinburnu,34015
Ýstanbul,34,Zeytinburnu,34020
Ýstanbul,34,Zeytinburnu,34025
Ýzmir,35,Aliaða,35800
Ýzmir,35,Aliaða,35810
Ýzmir,35,Aliaða,35820
Ýzmir,35,Balçova,35330
Ýzmir,35,Bayýndýr,35840
Ýzmir,35,Bayýndýr,35843
Ýzmir,35,Bayýndýr,35845
Ýzmir,35,Bayýndýr,35847
Ýzmir,35,Bayraklý,35510
Ýzmir,35,Bayraklý,35520
Ýzmir,35,Bayraklý,35530
Ýzmir,35,Bayraklý,35535
Ýzmir,35,Bayraklý,35540
Ýzmir,35,Bergama,35700
Ýzmir,35,Bergama,35715
Ýzmir,35,Bergama,35717
Ýzmir,35,Bergama,35720
Ýzmir,35,Bergama,35725
Ýzmir,35,Bergama,35727
Ýzmir,35,Bergama,35729
Ýzmir,35,Beydað,35790
Ýzmir,35,Bornova,35030
Ýzmir,35,Bornova,35040
Ýzmir,35,Bornova,35050
Ýzmir,35,Bornova,35060
Ýzmir,35,Bornova,35070
Ýzmir,35,Bornova,35080
Ýzmir,35,Bornova,35090
Ýzmir,35,Bornova,35100
Ýzmir,35,Buca,35370
Ýzmir,35,Buca,35380
Ýzmir,35,Buca,35390
Ýzmir,35,Buca,35395
Ýzmir,35,Buca,35400
Ýzmir,35,Çeþme,35930
Ýzmir,35,Çeþme,35937
Ýzmir,35,Çiðli,35610
Ýzmir,35,Çiðli,35620
Ýzmir,35,Çiðli,35630
Ýzmir,35,Çiðli,35640
Ýzmir,35,Çiðli,35650
Ýzmir,35,Dikili,35980
Ýzmir,35,Dikili,35985
Ýzmir,35,Foça,35680
Ýzmir,35,Foça,35683
Ýzmir,35,Foça,35687
Ýzmir,35,Gaziemir,35410
Ýzmir,35,Gaziemir,35415
Ýzmir,35,Gaziemir,35425
Ýzmir,35,Güzelbahçe,35310
Ýzmir,35,Karabaðlar,35110
Ýzmir,35,Karabaðlar,35120
Ýzmir,35,Karabaðlar,35130
Ýzmir,35,Karabaðlar,35140
Ýzmir,35,Karabaðlar,35150
Ýzmir,35,Karabaðlar,35160
Ýzmir,35,Karaburun,35960
Ýzmir,35,Karaburun,35970
Ýzmir,35,Karþýyaka,35550
Ýzmir,35,Karþýyaka,35560
Ýzmir,35,Karþýyaka,35570
Ýzmir,35,Karþýyaka,35575
Ýzmir,35,Karþýyaka,35580
Ýzmir,35,Karþýyaka,35590
Ýzmir,35,Karþýyaka,35600
Ýzmir,35,Kemalpaþa,35730
Ýzmir,35,Kemalpaþa,35733
Ýzmir,35,Kemalpaþa,35735
Ýzmir,35,Kemalpaþa,35737
Ýzmir,35,Kemalpaþa,35740
Ýzmir,35,Kemalpaþa,35743
Ýzmir,35,Kýnýk,35990
Ýzmir,35,Kiraz,35890
Ýzmir,35,Konak,35170
Ýzmir,35,Konak,35180
Ýzmir,35,Konak,35190
Ýzmir,35,Konak,35210
Ýzmir,35,Konak,35220
Ýzmir,35,Konak,35230
Ýzmir,35,Konak,35240
Ýzmir,35,Konak,35250
Ýzmir,35,Konak,35260
Ýzmir,35,Konak,35270
Ýzmir,35,Konak,35280
Ýzmir,35,Konak,35290
Ýzmir,35,Menderes,35470
Ýzmir,35,Menderes,35472
Ýzmir,35,Menderes,35473
Ýzmir,35,Menderes,35475
Ýzmir,35,Menderes,35476
Ýzmir,35,Menderes,35477
Ýzmir,35,Menderes,35495
Ýzmir,35,Menemen,35660
Ýzmir,35,Menemen,35663
Ýzmir,35,Menemen,35665
Ýzmir,35,Menemen,35667
Ýzmir,35,Menemen,35670
Ýzmir,35,Menemen,35672
Ýzmir,35,Menemen,35674
Ýzmir,35,Menemen,35676
Ýzmir,35,Narlýdere,35320
Ýzmir,35,Ödemiþ,35750
Ýzmir,35,Ödemiþ,35753
Ýzmir,35,Ödemiþ,35755
Ýzmir,35,Ödemiþ,35761
Ýzmir,35,Ödemiþ,35762
Ýzmir,35,Ödemiþ,35763
Ýzmir,35,Ödemiþ,35765
Ýzmir,35,Ödemiþ,35767
Ýzmir,35,Ödemiþ,35773
Ýzmir,35,Ödemiþ,35780
Ýzmir,35,Seferihisar,35460
Ýzmir,35,Seferihisar,35465
Ýzmir,35,Seferihisar,35467
Ýzmir,35,Selçuk,35920
Ýzmir,35,Selçuk,35925
Ýzmir,35,Tire,35900
Ýzmir,35,Tire,35910
Ýzmir,35,Torbalý,35860
Ýzmir,35,Torbalý,35865
Ýzmir,35,Torbalý,35870
Ýzmir,35,Torbalý,35875
Ýzmir,35,Torbalý,35880
Ýzmir,35,Torbalý,35885
Ýzmir,35,Urla,35430
Kahramanmaraþ,46,Afþin,46500
Kahramanmaraþ,46,Afþin,46540
Kahramanmaraþ,46,Afþin,46550
Kahramanmaraþ,46,Afþin,46556
Kahramanmaraþ,46,Afþin,46566
Kahramanmaraþ,46,Afþin,46567
Kahramanmaraþ,46,Afþin,46570
Kahramanmaraþ,46,Afþin,46576
Kahramanmaraþ,46,Afþin,46577
Kahramanmaraþ,46,Afþin,46580
Kahramanmaraþ,46,Andýrýn,46400
Kahramanmaraþ,46,Andýrýn,46410
Kahramanmaraþ,46,Andýrýn,46420
Kahramanmaraþ,46,Andýrýn,46430
Kahramanmaraþ,46,Çaðlýyancerit,46720
Kahramanmaraþ,46,Çaðlýyancerit,46770
Kahramanmaraþ,46,Çaðlýyancerit,46780
Kahramanmaraþ,46,Ekinözü,46360
Kahramanmaraþ,46,Elbistan,46300
Kahramanmaraþ,46,Elbistan,46320
Kahramanmaraþ,46,Elbistan,46328
Kahramanmaraþ,46,Elbistan,46330
Kahramanmaraþ,46,Elbistan,46340
Kahramanmaraþ,46,Elbistan,46350
Kahramanmaraþ,46,Elbistan,46357
Kahramanmaraþ,46,Elbistan,46376
Kahramanmaraþ,46,Elbistan,46380
Kahramanmaraþ,46,Elbistan,46390
Kahramanmaraþ,46,Göksun,46600
Kahramanmaraþ,46,Göksun,46610
Kahramanmaraþ,46,Göksun,46620
Kahramanmaraþ,46,Göksun,46630
Kahramanmaraþ,46,Göksun,46640
Kahramanmaraþ,46,Göksun,46650
Kahramanmaraþ,46,Göksun,46660
Kahramanmaraþ,46,Göksun,46670
Kahramanmaraþ,46,Kahramanmaraþ,46000
Kahramanmaraþ,46,Kahramanmaraþ,46030
Kahramanmaraþ,46,Kahramanmaraþ,46040
Kahramanmaraþ,46,Kahramanmaraþ,46050
Kahramanmaraþ,46,Kahramanmaraþ,46060
Kahramanmaraþ,46,Kahramanmaraþ,46100
Kahramanmaraþ,46,Kahramanmaraþ,46110
Kahramanmaraþ,46,Kahramanmaraþ,46120
Kahramanmaraþ,46,Kahramanmaraþ,46130
Kahramanmaraþ,46,Kahramanmaraþ,46140
Kahramanmaraþ,46,Kahramanmaraþ,46145
Kahramanmaraþ,46,Kahramanmaraþ,46150
Kahramanmaraþ,46,Kahramanmaraþ,46160
Kahramanmaraþ,46,Kahramanmaraþ,46170
Kahramanmaraþ,46,Kahramanmaraþ,46180
Kahramanmaraþ,46,Kahramanmaraþ,46185
Kahramanmaraþ,46,Kahramanmaraþ,46190
Kahramanmaraþ,46,Kahramanmaraþ,46200
Kahramanmaraþ,46,Kahramanmaraþ,46216
Kahramanmaraþ,46,Kahramanmaraþ,46266
Kahramanmaraþ,46,Nurhak,46370
Kahramanmaraþ,46,Nurhak,46371
Kahramanmaraþ,46,Nurhak,46372
Kahramanmaraþ,46,Nurhak,46373
Kahramanmaraþ,46,Pazarcýk,46700
Kahramanmaraþ,46,Pazarcýk,46710
Kahramanmaraþ,46,Pazarcýk,46730
Kahramanmaraþ,46,Pazarcýk,46750
Kahramanmaraþ,46,Pazarcýk,46760
Kahramanmaraþ,46,Türkoðlu,46800
Kahramanmaraþ,46,Türkoðlu,46810
Kahramanmaraþ,46,Türkoðlu,46820
Kahramanmaraþ,46,Türkoðlu,46830
Kahramanmaraþ,46,Türkoðlu,46840
Karabük,78,Eflani,78300
Karabük,78,Eskipazar,78400
Karabük,78,Karabük,78000
Karabük,78,Karabük,78020
Karabük,78,Karabük,78050
Karabük,78,Karabük,78100
Karabük,78,Karabük,78200
Karabük,78,Ovacýk,78500
Karabük,78,Safranbolu,78600
Karabük,78,Safranbolu,78610
Karabük,78,Safranbolu,78640
Karabük,78,Yenice,78700
Karabük,78,Yenice,78720
Karaman,70,Ayrancý,70500
Karaman,70,Baþyayla,70700
Karaman,70,Ermenek,70400
Karaman,70,Ermenek,70450
Karaman,70,Ermenek,70460
Karaman,70,Karaman,70000
Karaman,70,Karaman,70100
Karaman,70,Karaman,70110
Karaman,70,Karaman,70120
Karaman,70,Karaman,70130
Karaman,70,Karaman,70140
Karaman,70,Karaman,70150
Karaman,70,Karaman,70160
Karaman,70,Karaman,70170
Karaman,70,Karaman,70200
Karaman,70,Kazýmkarabekir,70600
Karaman,70,Sarýveliler,70800
Karaman,70,Sarýveliler,70810
Kars,36,Akyaka,36780
Kars,36,Arpaçay,36730
Kars,36,Arpaçay,36740
Kars,36,Digor,36670
Kars,36,Digor,36680
Kars,36,Kaðýzman,36700
Kars,36,Kars,36000
Kars,36,Sarýkamýþ,36500
Kars,36,Selim,36900
Kars,36,Susuz,36760
Kastamonu,37,Abana,37970
Kastamonu,37,Aðlý,37920
Kastamonu,37,Araç,37800
Kastamonu,37,Araç,37830
Kastamonu,37,Araç,37850
Kastamonu,37,Azdavay,37750
Kastamonu,37,Bozkurt,37680
Kastamonu,37,Cide,37600
Kastamonu,37,Çatalzeytin,37940
Kastamonu,37,Daday,37870
Kastamonu,37,Devrekani,37700
Kastamonu,37,Doðanyurt,37550
Kastamonu,37,Hanönü,37450
Kastamonu,37,Ýhsangazi,37250
Kastamonu,37,Ýnebolu,37500
Kastamonu,37,Kastamonu,37100
Kastamonu,37,Kastamonu,37150
Kastamonu,37,Kastamonu,37200
Kastamonu,37,Kastamonu,37210
Kastamonu,37,Küre,37900
Kastamonu,37,Pýnarbaþý,37770
Kastamonu,37,Seydiler,37270
Kastamonu,37,Þenpazar,37650
Kastamonu,37,Taþköprü,37400
Kastamonu,37,Tosya,37300
Kastamonu,37,Tosya,37350
Kayseri,38,Akkýþla,38830
Kayseri,38,Akkýþla,38835
Kayseri,38,Bünyan,38600
Kayseri,38,Develi,38400
Kayseri,38,Felahiye,38750
Kayseri,38,Hacýlar,38210
Kayseri,38,Ýncesu,38560
Kayseri,38,Ýncesu,38580
Kayseri,38,Kocasinan,38010
Kayseri,38,Kocasinan,38020
Kayseri,38,Kocasinan,38080
Kayseri,38,Kocasinan,38090
Kayseri,38,Kocasinan,38100
Kayseri,38,Kocasinan,38110
Kayseri,38,Kocasinan,38125
Kayseri,38,Kocasinan,38290
Kayseri,38,Melikgazi,38030
Kayseri,38,Melikgazi,38039
Kayseri,38,Melikgazi,38040
Kayseri,38,Melikgazi,38050
Kayseri,38,Melikgazi,38060
Kayseri,38,Melikgazi,38070
Kayseri,38,Melikgazi,38180
Kayseri,38,Melikgazi,38220
Kayseri,38,Melikgazi,38225
Kayseri,38,Melikgazi,38350
Kayseri,38,Özvatan,38770
Kayseri,38,Pýnarbaþý,38700
Kayseri,38,Pýnarbaþý,38730
Kayseri,38,Sarýoðlan,38820
Kayseri,38,Sarýoðlan,38840
Kayseri,38,Sarýoðlan,38850
Kayseri,38,Sarýoðlan,38860
Kayseri,38,Sarýz,38660
Kayseri,38,Talas,38160
Kayseri,38,Talas,38280
Kayseri,38,Talas,38310
Kayseri,38,Tomarza,38900
Kayseri,38,Tomarza,38940
Kayseri,38,Yahyalý,38500
Kayseri,38,Yeþilhisar,38800
Kýrýkkale,71,Bahþili,71460
Kýrýkkale,71,Balýþeyh,71520
Kýrýkkale,71,Çelebi,71810
Kýrýkkale,71,Delice,71670
Kýrýkkale,71,Delice,71700
Kýrýkkale,71,Delice,71720
Kýrýkkale,71,Delice,71730
Kýrýkkale,71,Karakeçili,71500
Kýrýkkale,71,Keskin,71800
Kýrýkkale,71,Keskin,71820
Kýrýkkale,71,Keskin,71850
Kýrýkkale,71,Keskin,71860
Kýrýkkale,71,Kýrýkkale,71000
Kýrýkkale,71,Kýrýkkale,71100
Kýrýkkale,71,Kýrýkkale,71200
Kýrýkkale,71,Kýrýkkale,71300
Kýrýkkale,71,Kýrýkkale,71400
Kýrýkkale,71,Kýrýkkale,71470
Kýrýkkale,71,Sulakyurt,71900
Kýrýkkale,71,Yahþihan,71450
Kýrýkkale,71,Yahþihan,71455
Kýrklareli,39,Babaeski,39200
Kýrklareli,39,Babaeski,39270
Kýrklareli,39,Babaeski,39280
Kýrklareli,39,Babaeski,39570
Kýrklareli,39,Babaeski,39580
Kýrklareli,39,Demirköy,39500
Kýrklareli,39,Demirköy,39650
Kýrklareli,39,Kýrklareli,39020
Kýrklareli,39,Kýrklareli,39050
Kýrklareli,39,Kýrklareli,39070
Kýrklareli,39,Kýrklareli,39100
Kýrklareli,39,Kýrklareli,39160
Kýrklareli,39,Kofçaz,39700
Kýrklareli,39,Lüleburgaz,39750
Kýrklareli,39,Lüleburgaz,39770
Kýrklareli,39,Lüleburgaz,39780
Kýrklareli,39,Lüleburgaz,39790
Kýrklareli,39,Pehlivanköy,39600
Kýrklareli,39,Pehlivanköy,39640
Kýrklareli,39,Pýnarhisar,39300
Kýrklareli,39,Pýnarhisar,39310
Kýrklareli,39,Pýnarhisar,39370
Kýrklareli,39,Vize,39400
Kýrklareli,39,Vize,39410
Kýrklareli,39,Vize,39460
Kýrklareli,39,Vize,39480
Kýrþehir,40,Akçakent,40720
Kýrþehir,40,Akpýnar,40320
Kýrþehir,40,Boztepe,40020
Kýrþehir,40,Boztepe,40060
Kýrþehir,40,Çiçekdaðý,40700
Kýrþehir,40,Çiçekdaðý,40730
Kýrþehir,40,Çiçekdaðý,40740
Kýrþehir,40,Kaman,40300
Kýrþehir,40,Kaman,40350
Kýrþehir,40,Kaman,40360
Kýrþehir,40,Kaman,40370
Kýrþehir,40,Kaman,40380
Kýrþehir,40,Kaman,40390
Kýrþehir,40,Kaman,40400
Kýrþehir,40,Kaman,40410
Kýrþehir,40,Kaman,40430
Kýrþehir,40,Kaman,40440
Kýrþehir,40,Kýrþehir,40000
Kýrþehir,40,Kýrþehir,40030
Kýrþehir,40,Kýrþehir,40070
Kýrþehir,40,Kýrþehir,40080
Kýrþehir,40,Kýrþehir,40100
Kýrþehir,40,Kýrþehir,40110
Kýrþehir,40,Kýrþehir,40120
Kýrþehir,40,Kýrþehir,40200
Kýrþehir,40,Mucur,40500
Kilis,79,Elbeyli,79500
Kilis,79,Kilis,79000
Kilis,79,Musabeyli,79600
Kilis,79,Polateli,79700
Kocaeli,41,Baþiskele,41030
Kocaeli,41,Baþiskele,41090
Kocaeli,41,Baþiskele,41140
Kocaeli,41,Baþiskele,41190
Kocaeli,41,Baþiskele,41245
Kocaeli,41,Baþiskele,41275
Kocaeli,41,Çayýrova,41420
Kocaeli,41,Darýca,41700
Kocaeli,41,Derince,41900
Kocaeli,41,Dilovasý,41455
Kocaeli,41,Gebze,41400
Kocaeli,41,Gölcük,41650
Kocaeli,41,Gölcük,41950
Kocaeli,41,Ýzmit,41000
Kocaeli,41,Ýzmit,41040
Kocaeli,41,Ýzmit,41050
Kocaeli,41,Ýzmit,41060
Kocaeli,41,Ýzmit,41100
Kocaeli,41,Ýzmit,41200
Kocaeli,41,Ýzmit,41300
Kocaeli,41,Ýzmit,41310
Kocaeli,41,Kandýra,41600
Kocaeli,41,Karamürsel,41500
Kocaeli,41,Kartepe,41080
Kocaeli,41,Kartepe,41110
Kocaeli,41,Kartepe,41170
Kocaeli,41,Kartepe,41180
Kocaeli,41,Kartepe,41250
Kocaeli,41,Kartepe,41255
Kocaeli,41,Kartepe,41285
Kocaeli,41,Kartepe,41295
Kocaeli,41,Kartepe,41320
Kocaeli,41,Körfez,41780
Kocaeli,41,Körfez,41800
Konya,42,Ahýrlý,42180
Konya,42,Ahýrlý,42185
Konya,42,Akören,42460
Konya,42,Akþehir,42550
Konya,42,Akþehir,42560
Konya,42,Akþehir,42580
Konya,42,Akþehir,42581
Konya,42,Akþehir,42582
Konya,42,Akþehir,42583
Konya,42,Akþehir,42584
Konya,42,Akþehir,42585
Konya,42,Akþehir,42586
Konya,42,Akþehir,42587
Konya,42,Altýnekin,42450
Konya,42,Beyþehir,42700
Konya,42,Beyþehir,42710
Konya,42,Beyþehir,42715
Konya,42,Beyþehir,42720
Konya,42,Beyþehir,42730
Konya,42,Beyþehir,42760
Konya,42,Beyþehir,42980
Konya,42,Bozkýr,42630
Konya,42,Bozkýr,42635
Konya,42,Bozkýr,42645
Konya,42,Bozkýr,42650
Konya,42,Bozkýr,42655
Konya,42,Bozkýr,42670
Konya,42,Cihanbeyli,42850
Konya,42,Cihanbeyli,42855
Konya,42,Cihanbeyli,42860
Konya,42,Cihanbeyli,42865
Konya,42,Cihanbeyli,42870
Konya,42,Cihanbeyli,42875
Konya,42,Cihanbeyli,42880
Konya,42,Cihanbeyli,42885
Konya,42,Cihanbeyli,42890
Konya,42,Çeltik,42920
Konya,42,Çumra,42500
Konya,42,Çumra,42502
Konya,42,Çumra,42508
Konya,42,Çumra,42509
Konya,42,Çumra,42510
Konya,42,Çumra,42515
Konya,42,Çumra,42520
Konya,42,Derbent,42900
Konya,42,Derebucak,42480
Konya,42,Derebucak,42482
Konya,42,Derebucak,42484
Konya,42,Derebucak,42485
Konya,42,Doðanhisar,42930
Konya,42,Doðanhisar,42936
Konya,42,Doðanhisar,42940
Konya,42,Doðanhisar,42950
Konya,42,Emirgazi,42910
Konya,42,Emirgazi,42915
Konya,42,Ereðli,42310
Konya,42,Ereðli,42320
Konya,42,Ereðli,42323
Konya,42,Ereðli,42325
Konya,42,Ereðli,42335
Konya,42,Ereðli,42345
Konya,42,Ereðli,42350
Konya,42,Ereðli,42355
Konya,42,Güneysýnýr,42190
Konya,42,Hadim,42830
Konya,42,Hadim,42835
Konya,42,Hadim,42840
Konya,42,Hadim,42845
Konya,42,Halkapýnar,42280
Konya,42,Hüyük,42690
Konya,42,Hüyük,42696
Konya,42,Hüyük,42698
Konya,42,Ilgýn,42600
Konya,42,Ilgýn,42603
Konya,42,Ilgýn,42605
Konya,42,Ilgýn,42610
Konya,42,Ilgýn,42613
Konya,42,Ilgýn,42615
Konya,42,Ilgýn,42620
Konya,42,Ilgýn,42625
Konya,42,Kadýnhaný,42800
Konya,42,Kadýnhaný,42810
Konya,42,Kadýnhaný,42815
Konya,42,Kadýnhaný,42825
Konya,42,Karapýnar,42400
Konya,42,Karapýnar,42415
Konya,42,Karapýnar,42420
Konya,42,Karapýnar,42425
Konya,42,Karatay,42020
Konya,42,Karatay,42030
Konya,42,Karatay,42250
Konya,42,Karatay,42290
Konya,42,Kulu,42770
Konya,42,Kulu,42773
Konya,42,Kulu,42774
Konya,42,Kulu,42775
Konya,42,Kulu,42777
Konya,42,Kulu,42780
Konya,42,Kulu,42790
Konya,42,Meram,42000
Konya,42,Meram,42010
Konya,42,Meram,42040
Konya,42,Meram,42090
Konya,42,Meram,42140
Konya,42,Sarayönü,42430
Konya,42,Sarayönü,42440
Konya,42,Selçuklu,42060
Konya,42,Selçuklu,42070
Konya,42,Selçuklu,42080
Konya,42,Selçuklu,42100
Konya,42,Selçuklu,42110
Konya,42,Selçuklu,42208
Konya,42,Selçuklu,42250
Konya,42,Seydiþehir,42360
Konya,42,Seydiþehir,42363
Konya,42,Seydiþehir,42370
Konya,42,Seydiþehir,42380
Konya,42,Seydiþehir,42390
Konya,42,Taþkent,42960
Konya,42,Taþkent,42965
Konya,42,Taþkent,42968
Konya,42,Tuzlukçu,42970
Konya,42,Yalýhüyük,42470
Konya,42,Yunak,42530
Konya,42,Yunak,42533
Konya,42,Yunak,42534
Konya,42,Yunak,42535
Konya,42,Yunak,42536
Konya,42,Yunak,42537
Konya,42,Yunak,42538
Kütahya,43,Altýntaþ,43800
Kütahya,43,Altýntaþ,43810
Kütahya,43,Altýntaþ,43836
Kütahya,43,Aslanapa,43210
Kütahya,43,Çavdarhisar,43710
Kütahya,43,Çavdarhisar,43730
Kütahya,43,Domaniç,43850
Kütahya,43,Domaniç,43860
Kütahya,43,Domaniç,43890
Kütahya,43,Dumlupýnar,43820
Kütahya,43,Emet,43700
Kütahya,43,Emet,43750
Kütahya,43,Emet,43760
Kütahya,43,Emet,43764
Kütahya,43,Emet,43766
Kütahya,43,Emet,43773
Kütahya,43,Gediz,43600
Kütahya,43,Gediz,43620
Kütahya,43,Gediz,43630
Kütahya,43,Gediz,43640
Kütahya,43,Gediz,43650
Kütahya,43,Gediz,43655
Kütahya,43,Gediz,43660
Kütahya,43,Gediz,43665
Kütahya,43,Gediz,43670
Kütahya,43,Gediz,43680
Kütahya,43,Gediz,43683
Kütahya,43,Gediz,43684
Kütahya,43,Gediz,43686
Kütahya,43,Gediz,43693
Kütahya,43,Gediz,43694
Kütahya,43,Hisarcýk,43780
Kütahya,43,Hisarcýk,43785
Kütahya,43,Hisarcýk,43790
Kütahya,43,Hisarcýk,43793
Kütahya,43,Hisarcýk,43796
Kütahya,43,Kütahya,43020
Kütahya,43,Kütahya,43030
Kütahya,43,Kütahya,43040
Kütahya,43,Kütahya,43050
Kütahya,43,Kütahya,43100
Kütahya,43,Kütahya,43260
Kütahya,43,Kütahya,43270
Kütahya,43,Kütahya,43290
Kütahya,43,Pazarlar,43530
Kütahya,43,Simav,43500
Kütahya,43,Simav,43510
Kütahya,43,Simav,43520
Kütahya,43,Simav,43584
Kütahya,43,Simav,43586
Kütahya,43,Simav,43587
Kütahya,43,Simav,43590
Kütahya,43,Simav,43593
Kütahya,43,Simav,43594
Kütahya,43,Þaphane,43950
Kütahya,43,Þaphane,43970
Kütahya,43,Tavþanlý,43300
Kütahya,43,Tavþanlý,43410
Kütahya,43,Tavþanlý,43463
Kütahya,43,Tavþanlý,43470
Kütahya,43,Tavþanlý,43900
Malatya,44,Akçadað,44600
Malatya,44,Arapkir,44800
Malatya,44,Arguvan,44960
Malatya,44,Battalgazi,44210
Malatya,44,Darende,44700
Malatya,44,Darende,44705
Malatya,44,Darende,44710
Malatya,44,Darende,44720
Malatya,44,Darende,44730
Malatya,44,Darende,44740
Malatya,44,Darende,44750
Malatya,44,Doðanþehir,44500
Malatya,44,Doðanþehir,44510
Malatya,44,Doðanþehir,44520
Malatya,44,Doðanþehir,44530
Malatya,44,Doðanþehir,44540
Malatya,44,Doðanyol,44880
Malatya,44,Hekimhan,44400
Malatya,44,Hekimhan,44410
Malatya,44,Hekimhan,44420
Malatya,44,Hekimhan,44430
Malatya,44,Kale,44370
Malatya,44,Kuluncak,44760
Malatya,44,Malatya,44000
Malatya,44,Malatya,44040
Malatya,44,Malatya,44050
Malatya,44,Malatya,44060
Malatya,44,Malatya,44070
Malatya,44,Malatya,44080
Malatya,44,Malatya,44090
Malatya,44,Malatya,44100
Malatya,44,Malatya,44110
Malatya,44,Malatya,44170
Malatya,44,Malatya,44180
Malatya,44,Malatya,44200
Malatya,44,Malatya,44230
Malatya,44,Malatya,44280
Malatya,44,Malatya,44300
Malatya,44,Malatya,44310
Malatya,44,Malatya,44320
Malatya,44,Pütürge,44850
Malatya,44,Yazýhan,44350
Malatya,44,Yeþilyurt,44900
Malatya,44,Yeþilyurt,44910
Malatya,44,Yeþilyurt,44920
Manisa,45,Ahmetli,45450
Manisa,45,Akhisar,45200
Manisa,45,Akhisar,45215
Manisa,45,Akhisar,45230
Manisa,45,Akhisar,45240
Manisa,45,Akhisar,45250
Manisa,45,Akhisar,45260
Manisa,45,Akhisar,45280
Manisa,45,Akhisar,45560
Manisa,45,Alaþehir,45600
Manisa,45,Alaþehir,45610
Manisa,45,Alaþehir,45615
Manisa,45,Alaþehir,45620
Manisa,45,Alaþehir,45630
Manisa,45,Alaþehir,45650
Manisa,45,Alaþehir,45660
Manisa,45,Demirci,45900
Manisa,45,Demirci,45940
Manisa,45,Gölmarmara,45580
Manisa,45,Gördes,45750
Manisa,45,Gördes,45760
Manisa,45,Gördes,45770
Manisa,45,Kýrkaðaç,45700
Manisa,45,Kýrkaðaç,45707
Manisa,45,Kýrkaðaç,45720
Manisa,45,Kýrkaðaç,45730
Manisa,45,Kýrkaðaç,45740
Manisa,45,Köprübaþý,45930
Manisa,45,Kula,45170
Manisa,45,Kula,45180
Manisa,45,Manisa,45000
Manisa,45,Manisa,45010
Manisa,45,Manisa,45020
Manisa,45,Manisa,45030
Manisa,45,Manisa,45040
Manisa,45,Manisa,45060
Manisa,45,Manisa,45070
Manisa,45,Manisa,45072
Manisa,45,Manisa,45080
Manisa,45,Manisa,45090
Manisa,45,Manisa,45140
Manisa,45,Manisa,45150
Manisa,45,Salihli,45300
Manisa,45,Salihli,45310
Manisa,45,Salihli,45320
Manisa,45,Salihli,45325
Manisa,45,Salihli,45330
Manisa,45,Salihli,45340
Manisa,45,Salihli,45350
Manisa,45,Salihli,45370
Manisa,45,Sarýgöl,45470
Manisa,45,Saruhanlý,45800
Manisa,45,Saruhanlý,45804
Manisa,45,Saruhanlý,45805
Manisa,45,Saruhanlý,45810
Manisa,45,Saruhanlý,45815
Manisa,45,Saruhanlý,45820
Manisa,45,Saruhanlý,45830
Manisa,45,Saruhanlý,45835
Manisa,45,Saruhanlý,45840
Manisa,45,Saruhanlý,45850
Manisa,45,Saruhanlý,45860
Manisa,45,Saruhanlý,45870
Manisa,45,Saruhanlý,45880
Manisa,45,Saruhanlý,45890
Manisa,45,Selendi,45970
Manisa,45,Soma,45500
Manisa,45,Soma,45510
Manisa,45,Soma,45530
Manisa,45,Soma,45540
Manisa,45,Turgutlu,45400
Manisa,45,Turgutlu,45420
Mardin,47,Dargeçit,47750
Mardin,47,Derik,47800
Mardin,47,Kýzýltepe,47400
Mardin,47,Kýzýltepe,47420
Mardin,47,Kýzýltepe,47440
Mardin,47,Kýzýltepe,47460
Mardin,47,Kýzýltepe,47465
Mardin,47,Mardin,47060
Mardin,47,Mardin,47080
Mardin,47,Mardin,47100
Mardin,47,Mardin,47200
Mardin,47,Mazýdaðý,47700
Mardin,47,Midyat,47500
Mardin,47,Midyat,47510
Mardin,47,Midyat,47520
Mardin,47,Midyat,47530
Mardin,47,Midyat,47535
Mardin,47,Midyat,47545
Mardin,47,Midyat,47547
Mardin,47,Nusaybin,47300
Mardin,47,Nusaybin,47320
Mardin,47,Ömerli,47570
Mardin,47,Savur,47860
Mardin,47,Savur,47880
Mardin,47,Yeþilli,47650
Mersin,33,Akdeniz,33000
Mersin,33,Akdeniz,33010
Mersin,33,Akdeniz,33020
Mersin,33,Akdeniz,33040
Mersin,33,Akdeniz,33050
Mersin,33,Akdeniz,33070
Mersin,33,Akdeniz,33100
Mersin,33,Akdeniz,33115
Mersin,33,Anamur,33630
Mersin,33,Anamur,33640
Mersin,33,Anamur,33645
Mersin,33,Anamur,33650
Mersin,33,Anamur,33660
Mersin,33,Aydýncýk,33840
Mersin,33,Bozyazý,33830
Mersin,33,Bozyazý,33835
Mersin,33,Bozyazý,33836
Mersin,33,Çamlýyayla,33580
Mersin,33,Çamlýyayla,33590
Mersin,33,Erdemli,33350
Mersin,33,Erdemli,33730
Mersin,33,Erdemli,33750
Mersin,33,Erdemli,33760
Mersin,33,Erdemli,33770
Mersin,33,Erdemli,33780
Mersin,33,Erdemli,33790
Mersin,33,Erdemli,33870
Mersin,33,Erdemli,33875
Mersin,33,Erdemli,33948
Mersin,33,Gülnar,33700
Mersin,33,Gülnar,33705
Mersin,33,Gülnar,33710
Mersin,33,Gülnar,33715
Mersin,33,Gülnar,33720
Mersin,33,Mezitli,33200
Mersin,33,Mezitli,33330
Mersin,33,Mezitli,33335
Mersin,33,Mezitli,33340
Mersin,33,Mut,33600
Mersin,33,Silifke,33900
Mersin,33,Silifke,33920
Mersin,33,Silifke,33940
Mersin,33,Silifke,33950
Mersin,33,Silifke,33960
Mersin,33,Silifke,33980
Mersin,33,Silifke,33990
Mersin,33,Tarsus,33400
Mersin,33,Tarsus,33410
Mersin,33,Tarsus,33420
Mersin,33,Tarsus,33430
Mersin,33,Tarsus,33440
Mersin,33,Tarsus,33450
Mersin,33,Tarsus,33460
Mersin,33,Tarsus,33470
Mersin,33,Tarsus,33480
Mersin,33,Tarsus,33500
Mersin,33,Tarsus,33530
Mersin,33,Toroslar,33080
Mersin,33,Toroslar,33090
Mersin,33,Toroslar,33220
Mersin,33,Toroslar,33230
Mersin,33,Toroslar,33240
Mersin,33,Toroslar,33250
Mersin,33,Toroslar,33285
Mersin,33,Toroslar,33315
Mersin,33,Toroslar,33325
Mersin,33,Yeniþehir,33110
Mersin,33,Yeniþehir,33120
Mersin,33,Yeniþehir,33130
Mersin,33,Yeniþehir,33140
Mersin,33,Yeniþehir,33150
Mersin,33,Yeniþehir,33160
Muðla,48,Bodrum,48400
Muðla,48,Bodrum,48410
Muðla,48,Bodrum,48420
Muðla,48,Bodrum,48440
Muðla,48,Bodrum,48450
Muðla,48,Bodrum,48470
Muðla,48,Bodrum,48480
Muðla,48,Bodrum,48483
Muðla,48,Bodrum,48960
Muðla,48,Bodrum,48965
Muðla,48,Bodrum,48970
Muðla,48,Bodrum,48990
Muðla,48,Dalaman,48770
Muðla,48,Datça,48900
Muðla,48,Fethiye,48300
Muðla,48,Fethiye,48303
Muðla,48,Fethiye,48310
Muðla,48,Fethiye,48330
Muðla,48,Fethiye,48340
Muðla,48,Fethiye,48350
Muðla,48,Fethiye,48360
Muðla,48,Fethiye,48363
Muðla,48,Fethiye,48370
Muðla,48,Fethiye,48375
Muðla,48,Fethiye,48850
Muðla,48,Fethiye,48860
Muðla,48,Fethiye,48870
Muðla,48,Kavaklýdere,48533
Muðla,48,Kavaklýdere,48570
Muðla,48,Kavaklýdere,48580
Muðla,48,Kavaklýdere,48585
Muðla,48,Köyceðiz,48800
Muðla,48,Köyceðiz,48803
Muðla,48,Köyceðiz,48804
Muðla,48,Marmaris,48700
Muðla,48,Marmaris,48704
Muðla,48,Marmaris,48706
Muðla,48,Marmaris,48710
Muðla,48,Marmaris,48720
Muðla,48,Marmaris,48740
Muðla,48,Milas,48200
Muðla,48,Milas,48210
Muðla,48,Milas,48220
Muðla,48,Milas,48230
Muðla,48,Milas,48277
Muðla,48,Milas,48670
Muðla,48,Muðla,48000
Muðla,48,Muðla,48040
Muðla,48,Muðla,48070
Muðla,48,Muðla,48100
Muðla,48,Muðla,48183
Muðla,48,Ortaca,48600
Muðla,48,Ortaca,48840
Muðla,48,Ula,48640
Muðla,48,Ula,48650
Muðla,48,Ula,48660
Muðla,48,Yataðan,48500
Muðla,48,Yataðan,48510
Muðla,48,Yataðan,48514
Muðla,48,Yataðan,48516
Muðla,48,Yataðan,48540
Muðla,48,Yataðan,48550
Muþ,49,Bulanýk,49500
Muþ,49,Bulanýk,49510
Muþ,49,Bulanýk,49530
Muþ,49,Bulanýk,49540
Muþ,49,Bulanýk,49550
Muþ,49,Hasköy,49700
Muþ,49,Korkut,49730
Muþ,49,Korkut,49740
Muþ,49,Malazgirt,49400
Muþ,49,Malazgirt,49420
Muþ,49,Muþ,49090
Muþ,49,Muþ,49100
Muþ,49,Muþ,49120
Muþ,49,Muþ,49150
Muþ,49,Muþ,49160
Muþ,49,Muþ,49200
Muþ,49,Muþ,49240
Muþ,49,Muþ,49250
Muþ,49,Muþ,49300
Muþ,49,Varto,49600
Muþ,49,Varto,49610
Muþ,49,Varto,49620
Nevþehir,50,Acýgöl,50140
Nevþehir,50,Acýgöl,50190
Nevþehir,50,Acýgöl,50230
Nevþehir,50,Acýgöl,50260
Nevþehir,50,Avanos,50500
Nevþehir,50,Avanos,50510
Nevþehir,50,Avanos,50520
Nevþehir,50,Avanos,50530
Nevþehir,50,Avanos,50840
Nevþehir,50,Avanos,50850
Nevþehir,50,Avanos,50860
Nevþehir,50,Avanos,50870
Nevþehir,50,Avanos,50880
Nevþehir,50,Derinkuyu,50700
Nevþehir,50,Derinkuyu,50706
Nevþehir,50,Derinkuyu,50720
Nevþehir,50,Derinkuyu,50760
Nevþehir,50,Gülþehir,50900
Nevþehir,50,Gülþehir,50920
Nevþehir,50,Gülþehir,50930
Nevþehir,50,Gülþehir,50940
Nevþehir,50,Gülþehir,50960
Nevþehir,50,Gülþehir,50990
Nevþehir,50,Hacýbektaþ,50800
Nevþehir,50,Hacýbektaþ,50810
Nevþehir,50,Hacýbektaþ,50830
Nevþehir,50,Kozaklý,50600
Nevþehir,50,Kozaklý,50610
Nevþehir,50,Kozaklý,50620
Nevþehir,50,Kozaklý,50630
Nevþehir,50,Kozaklý,50645
Nevþehir,50,Nevþehir,50000
Nevþehir,50,Nevþehir,50040
Nevþehir,50,Nevþehir,50100
Nevþehir,50,Nevþehir,50130
Nevþehir,50,Nevþehir,50160
Nevþehir,50,Nevþehir,50170
Nevþehir,50,Nevþehir,50180
Nevþehir,50,Nevþehir,50200
Nevþehir,50,Nevþehir,50210
Nevþehir,50,Nevþehir,50220
Nevþehir,50,Nevþehir,50240
Nevþehir,50,Nevþehir,50300
Nevþehir,50,Ürgüp,50350
Nevþehir,50,Ürgüp,50370
Nevþehir,50,Ürgüp,50400
Nevþehir,50,Ürgüp,50420
Nevþehir,50,Ürgüp,50650
Niðde,51,Altunhisar,51600
Niðde,51,Altunhisar,51602
Niðde,51,Altunhisar,51603
Niðde,51,Altunhisar,51604
Niðde,51,Altunhisar,51610
Niðde,51,Altunhisar,51620
Niðde,51,Altunhisar,51630
Niðde,51,Bor,51700
Niðde,51,Bor,51710
Niðde,51,Bor,51720
Niðde,51,Bor,51730
Niðde,51,Bor,51740
Niðde,51,Çamardý,51660
Niðde,51,Çamardý,51670
Niðde,51,Çiftlik,51800
Niðde,51,Çiftlik,51810
Niðde,51,Çiftlik,51815
Niðde,51,Çiftlik,51816
Niðde,51,Çiftlik,51820
Niðde,51,Niðde,51000
Niðde,51,Niðde,51010
Niðde,51,Niðde,51030
Niðde,51,Niðde,51040
Niðde,51,Niðde,51050
Niðde,51,Niðde,51070
Niðde,51,Niðde,51080
Niðde,51,Niðde,51085
Niðde,51,Niðde,51100
Niðde,51,Niðde,51110
Niðde,51,Niðde,51120
Niðde,51,Niðde,51200
Niðde,51,Niðde,51280
Niðde,51,Niðde,51290
Niðde,51,Niðde,51310
Niðde,51,Niðde,51320
Niðde,51,Ulukýþla,51900
Niðde,51,Ulukýþla,51910
Niðde,51,Ulukýþla,51920
Ordu,52,Akkuþ,52950
Ordu,52,Akkuþ,52960
Ordu,52,Aybastý,52500
Ordu,52,Çamaþ,52430
Ordu,52,Çatalpýnar,52420
Ordu,52,Çaybaþý,52310
Ordu,52,Çaybaþý,52340
Ordu,52,Fatsa,52400
Ordu,52,Fatsa,52410
Ordu,52,Fatsa,52440
Ordu,52,Fatsa,52460
Ordu,52,Fatsa,52496
Ordu,52,Gölköy,52600
Ordu,52,Gülyalý,52010
Ordu,52,Gürgentepe,52610
Ordu,52,Ýkizce,52320
Ordu,52,Kabadüz,52020
Ordu,52,Kabataþ,52510
Ordu,52,Kabataþ,52520
Ordu,52,Korgan,52700
Ordu,52,Korgan,52710
Ordu,52,Kumru,52800
Ordu,52,Mesudiye,52900
Ordu,52,Mesudiye,52910
Ordu,52,Mesudiye,52930
Ordu,52,Ordu,52000
Ordu,52,Ordu,52100
Ordu,52,Perþembe,52750
Ordu,52,Perþembe,52760
Ordu,52,Perþembe,52770
Ordu,52,Ulubey,52850
Ordu,52,Ünye,52300
Ordu,52,Ünye,52330
Ordu,52,Ünye,52350
Osmaniye,80,Bahçe,80500
Osmaniye,80,Düziçi,80600
Osmaniye,80,Düziçi,80710
Osmaniye,80,Düziçi,80720
Osmaniye,80,Düziçi,80730
Osmaniye,80,Düziçi,80740
Osmaniye,80,Hasanbeyli,80850
Osmaniye,80,Kadirli,80750
Osmaniye,80,Kadirli,80760
Osmaniye,80,Osmaniye,80000
Osmaniye,80,Osmaniye,80010
Osmaniye,80,Osmaniye,80020
Osmaniye,80,Osmaniye,80030
Osmaniye,80,Osmaniye,80440
Osmaniye,80,Osmaniye,80480
Osmaniye,80,Sumbas,80900
Osmaniye,80,Sumbas,80930
Osmaniye,80,Sumbas,80940
Osmaniye,80,Toprakkale,80950
Osmaniye,80,Toprakkale,80990
Rize,53,Ardeþen,53400
Rize,53,Ardeþen,53480
Rize,53,Ardeþen,53490
Rize,53,Çamlýhemþin,53750
Rize,53,Çamlýhemþin,53780
Rize,53,Çayeli,53200
Rize,53,Çayeli,53210
Rize,53,Çayeli,53220
Rize,53,Çayeli,53260
Rize,53,Çayeli,53270
Rize,53,Derepazarý,53900
Rize,53,Derepazarý,53940
Rize,53,Fýndýklý,53700
Rize,53,Fýndýklý,53740
Rize,53,Güneysu,53350
Rize,53,Güneysu,53390
Rize,53,Hemþin,53550
Rize,53,Hemþin,53560
Rize,53,Ýkizdere,53650
Rize,53,Ýkizdere,53670
Rize,53,Ýkizdere,53690
Rize,53,Ýyidere,53600
Rize,53,Ýyidere,53610
Rize,53,Ýyidere,53620
Rize,53,Kalkandere,53500
Rize,53,Kalkandere,53520
Rize,53,Kalkandere,53540
Rize,53,Pazar,53300
Rize,53,Pazar,53340
Rize,53,Rize,53020
Rize,53,Rize,53800
Rize,53,Rize,53870
Rize,53,Rize,53950
Sakarya,54,Adapazarý,54100
Sakarya,54,Adapazarý,54290
Sakarya,54,Akyazý,54400
Sakarya,54,Akyazý,54405
Sakarya,54,Akyazý,54420
Sakarya,54,Arifiye,05458
Sakarya,54,Arifiye,54060
Sakarya,54,Arifiye,54580
Sakarya,54,Erenler,54200
Sakarya,54,Ferizli,54110
Sakarya,54,Ferizli,54150
Sakarya,54,Ferizli,54210
Sakarya,54,Geyve,54700
Sakarya,54,Geyve,54950
Sakarya,54,Hendek,54300
Sakarya,54,Karapürçek,54430
Sakarya,54,Karasu,54500
Sakarya,54,Karasu,54540
Sakarya,54,Kaynarca,54650
Sakarya,54,Kaynarca,54680
Sakarya,54,Kocaali,54800
Sakarya,54,Pamukova,54900
Sakarya,54,Sapanca,54600
Sakarya,54,Serdivan,54055
Sakarya,54,Serdivan,54130
Sakarya,54,Söðütlü,54160
Sakarya,54,Taraklý,54750
Samsun,55,Alaçam,55800
Samsun,55,Asarcýk,55860
Samsun,55,Atakum,55200
Samsun,55,Atakum,55215
Samsun,55,Atakum,55270
Samsun,55,Ayvacýk,55550
Samsun,55,Bafra,55400
Samsun,55,Bafra,55430
Samsun,55,Bafra,55440
Samsun,55,Canik,55080
Samsun,55,Canik,55085
Samsun,55,Çarþamba,55500
Samsun,55,Çarþamba,55505
Samsun,55,Çarþamba,55506
Samsun,55,Çarþamba,55507
Samsun,55,Çarþamba,55510
Samsun,55,Çarþamba,55515
Samsun,55,Havza,55700
Samsun,55,Havza,55702
Samsun,55,Ýlkadým,55000
Samsun,55,Ýlkadým,55020
Samsun,55,Ýlkadým,55030
Samsun,55,Ýlkadým,55040
Samsun,55,Ýlkadým,55050
Samsun,55,Ýlkadým,55060
Samsun,55,Ýlkadým,55070
Samsun,55,Ýlkadým,55090
Samsun,55,Ýlkadým,55100
Samsun,55,Kavak,55850
Samsun,55,Ladik,55760
Samsun,55,Ondokuzmayýs,55420
Samsun,55,Ondokuzmayýs,55421
Samsun,55,Ondokuzmayýs,55429
Samsun,55,Salýpazarý,55530
Samsun,55,Tekkeköy,55300
Samsun,55,Tekkeköy,55310
Samsun,55,Tekkeköy,55320
Samsun,55,Tekkeköy,55330
Samsun,55,Tekkeköy,55530
Samsun,55,Terme,55600
Samsun,55,Vezirköprü,55900
Samsun,55,Yakakent,55810
Siirt,56,Aydýnlar,56870
Siirt,56,Baykan,56460
Siirt,56,Baykan,56470
Siirt,56,Eruh,56800
Siirt,56,Kurtalan,56500
Siirt,56,Kurtalan,56540
Siirt,56,Pervari,56700
Siirt,56,Siirt,56100
Siirt,56,Siirt,56210
Siirt,56,Siirt,56220
Siirt,56,Þirvan,56760
Sinop,57,Ayancýk,57400
Sinop,57,Boyabat,57200
Sinop,57,Dikmen,57660
Sinop,57,Duraðan,57700
Sinop,57,Erfelek,57800
Sinop,57,Gerze,57600
Sinop,57,Saraydüzü,57300
Sinop,57,Sinop,57000
Sinop,57,Türkeli,57900
Sinop,57,Türkeli,57910
Sivas,58,Akýncýlar,58550
Sivas,58,Altýnyayla,58470
Sivas,58,Divriði,58300
Sivas,58,Doðanþar,58780
Sivas,58,Gemerek,58580
Sivas,58,Gemerek,58840
Sivas,58,Gemerek,58860
Sivas,58,Gemerek,58880
Sivas,58,Gölova,58640
Sivas,58,Gürün,58800
Sivas,58,Gürün,58820
Sivas,58,Hafik,58760
Sivas,58,Ýmranlý,58980
Sivas,58,Kangal,58900
Sivas,58,Kangal,58910
Sivas,58,Kangal,58920
Sivas,58,Kangal,58940
Sivas,58,Koyulhisar,58660
Sivas,58,Sivas,58000
Sivas,58,Sivas,58010
Sivas,58,Sivas,58020
Sivas,58,Sivas,58030
Sivas,58,Sivas,58040
Sivas,58,Sivas,58050
Sivas,58,Sivas,58060
Sivas,58,Sivas,58080
Sivas,58,Sivas,58140
Sivas,58,Suþehri,58600
Sivas,58,Þarkýþla,58400
Sivas,58,Þarkýþla,58420
Sivas,58,Þarkýþla,58430
Sivas,58,Þarkýþla,58450
Sivas,58,Ulaþ,58380
Sivas,58,Yýldýzeli,58500
Sivas,58,Yýldýzeli,58520
Sivas,58,Yýldýzeli,58525
Sivas,58,Yýldýzeli,58530
Sivas,58,Yýldýzeli,58540
Sivas,58,Zara,58700
Sivas,58,Zara,58730
Þanlýurfa,63,Akçakale,63500
Þanlýurfa,63,Birecik,63400
Þanlýurfa,63,Birecik,63420
Þanlýurfa,63,Bozova,63850
Þanlýurfa,63,Ceylanpýnar,63570
Þanlýurfa,63,Halfeti,63950
Þanlýurfa,63,Halfeti,63986
Þanlýurfa,63,Halfeti,63990
Þanlýurfa,63,Harran,63510
Þanlýurfa,63,Hilvan,63900
Þanlýurfa,63,Siverek,63600
Þanlýurfa,63,Siverek,63614
Þanlýurfa,63,Siverek,63615
Þanlýurfa,63,Suruç,63800
Þanlýurfa,63,Suruç,63820
Þanlýurfa,63,Þanlýurfa,63000
Þanlýurfa,63,Þanlýurfa,63040
Þanlýurfa,63,Þanlýurfa,63050
Þanlýurfa,63,Þanlýurfa,63100
Þanlýurfa,63,Þanlýurfa,63200
Þanlýurfa,63,Þanlýurfa,63250
Þanlýurfa,63,Þanlýurfa,63300
Þanlýurfa,63,Þanlýurfa,63310
Þanlýurfa,63,Viranþehir,63700
Þýrnak,73,Beytüþþebap,73800
Þýrnak,73,Cizre,73200
Þýrnak,73,Güçlükonak,73700
Þýrnak,73,Güçlükonak,73710
Þýrnak,73,Ýdil,73300
Þýrnak,73,Silopi,73400
Þýrnak,73,Silopi,73420
Þýrnak,73,Þýrnak,73000
Þýrnak,73,Uludere,73600
Þýrnak,73,Uludere,73620
Þýrnak,73,Uludere,73660
Tekirdað,59,Çerkezköy,59500
Tekirdað,59,Çerkezköy,59510
Tekirdað,59,Çerkezköy,59530
Tekirdað,59,Çorlu,59850
Tekirdað,59,Çorlu,59860
Tekirdað,59,Çorlu,59870
Tekirdað,59,Çorlu,59880
Tekirdað,59,Hayrabolu,59400
Tekirdað,59,Hayrabolu,59410
Tekirdað,59,Malkara,59300
Tekirdað,59,Malkara,59310
Tekirdað,59,Malkara,59315
Tekirdað,59,Malkara,59320
Tekirdað,59,Marmaraereðlisi,59740
Tekirdað,59,Marmaraereðlisi,59750
Tekirdað,59,Marmaraereðlisi,59760
Tekirdað,59,Muratlý,59700
Tekirdað,59,Saray,59600
Tekirdað,59,Saray,59610
Tekirdað,59,Þarköy,59560
Tekirdað,59,Þarköy,59570
Tekirdað,59,Þarköy,59800
Tekirdað,59,Tekirdað,59000
Tekirdað,59,Tekirdað,59010
Tekirdað,59,Tekirdað,59020
Tekirdað,59,Tekirdað,59030
Tekirdað,59,Tekirdað,59050
Tekirdað,59,Tekirdað,59060
Tekirdað,59,Tekirdað,59100
Tekirdað,59,Tekirdað,59200
Tokat,60,Almus,60900
Tokat,60,Almus,60910
Tokat,60,Almus,60915
Tokat,60,Almus,60920
Tokat,60,Almus,60925
Tokat,60,Almus,60930
Tokat,60,Almus,60935
Tokat,60,Almus,60940
Tokat,60,Almus,60945
Tokat,60,Almus,60950
Tokat,60,Almus,60955
Tokat,60,Artova,60670
Tokat,60,Artova,60675
Tokat,60,Baþçiftlik,60620
Tokat,60,Baþçiftlik,60625
Tokat,60,Erbaa,60500
Tokat,60,Erbaa,60510
Tokat,60,Erbaa,60515
Tokat,60,Erbaa,60520
Tokat,60,Erbaa,60525
Tokat,60,Erbaa,60530
Tokat,60,Erbaa,60540
Tokat,60,Niksar,60600
Tokat,60,Niksar,60615
Tokat,60,Niksar,60630
Tokat,60,Niksar,60635
Tokat,60,Niksar,60640
Tokat,60,Niksar,60645
Tokat,60,Niksar,60650
Tokat,60,Pazar,60800
Tokat,60,Pazar,60820
Tokat,60,Pazar,60840
Tokat,60,Reþadiye,60700
Tokat,60,Reþadiye,60710
Tokat,60,Reþadiye,60715
Tokat,60,Reþadiye,60720
Tokat,60,Reþadiye,60725
Tokat,60,Reþadiye,60730
Tokat,60,Reþadiye,60735
Tokat,60,Reþadiye,60740
Tokat,60,Reþadiye,60745
Tokat,60,Reþadiye,60750
Tokat,60,Reþadiye,60755
Tokat,60,Reþadiye,60760
Tokat,60,Reþadiye,60765
Tokat,60,Reþadiye,60770
Tokat,60,Sulusaray,60870
Tokat,60,Sulusaray,60875
Tokat,60,Tokat,60030
Tokat,60,Tokat,60100
Tokat,60,Tokat,60200
Tokat,60,Tokat,60210
Tokat,60,Tokat,60215
Tokat,60,Tokat,60220
Tokat,60,Tokat,60225
Tokat,60,Tokat,60230
Tokat,60,Tokat,60235
Tokat,60,Tokat,60240
Tokat,60,Tokat,60245
Tokat,60,Tokat,60250
Tokat,60,Tokat,60255
Tokat,60,Turhal,60300
Tokat,60,Turhal,60310
Tokat,60,Turhal,60320
Tokat,60,Turhal,60335
Tokat,60,Turhal,60340
Tokat,60,Turhal,60345
Tokat,60,Turhal,60350
Tokat,60,Yeþilyurt,60860
Tokat,60,Zile,60400
Tokat,60,Zile,60401
Tokat,60,Zile,60405
Tokat,60,Zile,60410
Tokat,60,Zile,60425
Trabzon,61,Akçaabat,61170
Trabzon,61,Akçaabat,61230
Trabzon,61,Akçaabat,61300
Trabzon,61,Akçaabat,61310
Trabzon,61,Araklý,61700
Trabzon,61,Araklý,61720
Trabzon,61,Arsin,61900
Trabzon,61,Arsin,61910
Trabzon,61,Arsin,61915
Trabzon,61,Arsin,61930
Trabzon,61,Beþikdüzü,61800
Trabzon,61,Beþikdüzü,61820
Trabzon,61,Beþikdüzü,61827
Trabzon,61,Çarþýbaþý,61420
Trabzon,61,Çaykara,61940
Trabzon,61,Çaykara,61960
Trabzon,61,Dernekpazarý,61950
Trabzon,61,Düzköy,61380
Trabzon,61,Düzköy,61390
Trabzon,61,Hayrat,61450
Trabzon,61,Köprübaþý,61630
Trabzon,61,Maçka,61750
Trabzon,61,Maçka,61770
Trabzon,61,Of,61560
Trabzon,61,Of,61570
Trabzon,61,Of,61580
Trabzon,61,Of,61585
Trabzon,61,Of,61830
Trabzon,61,Of,61850
Trabzon,61,Sürmene,61530
Trabzon,61,Sürmene,61600
Trabzon,61,Þalpazarý,61670
Trabzon,61,Tonya,61500
Trabzon,61,Tonya,61510
Trabzon,61,Trabzon,61000
Trabzon,61,Trabzon,61010
Trabzon,61,Trabzon,61030
Trabzon,61,Trabzon,61040
Trabzon,61,Trabzon,61080
Trabzon,61,Trabzon,61100
Trabzon,61,Trabzon,61180
Trabzon,61,Trabzon,61195
Trabzon,61,Trabzon,61200
Trabzon,61,Trabzon,61220
Trabzon,61,Vakfýkebir,61400
Trabzon,61,Vakfýkebir,61410
Trabzon,61,Yomra,61250
Trabzon,61,Yomra,61270
Trabzon,61,Yomra,61280
Trabzon,61,Yomra,61290
Tunceli,62,Çemiþgezek,62600
Tunceli,62,Hozat,62400
Tunceli,62,Mazgirt,62800
Tunceli,62,Mazgirt,62810
Tunceli,62,Nazýmiye,62950
Tunceli,62,Ovacýk,62900
Tunceli,62,Pertek,62500
Tunceli,62,Pülümür,62700
Tunceli,62,Pülümür,62710
Tunceli,62,Tunceli,62000
Uþak,64,Banaz,64500
Uþak,64,Banaz,64510
Uþak,64,Banaz,64520
Uþak,64,Eþme,64600
Uþak,64,Eþme,64610
Uþak,64,Eþme,64620
Uþak,64,Eþme,64630
Uþak,64,Karahallý,64700
Uþak,64,Karahallý,64720
Uþak,64,Sivaslý,64800
Uþak,64,Sivaslý,64810
Uþak,64,Sivaslý,64820
Uþak,64,Sivaslý,64830
Uþak,64,Sivaslý,64840
Uþak,64,Sivaslý,64850
Uþak,64,Ulubey,64900
Uþak,64,Ulubey,64910
Uþak,64,Ulubey,64920
Uþak,64,Ulubey,64930
Uþak,64,Ulubey,64940
Uþak,64,Uþak,64000
Uþak,64,Uþak,64100
Uþak,64,Uþak,64200
Uþak,64,Uþak,64300
Uþak,64,Uþak,64400
Uþak,64,Uþak,64420
Uþak,64,Uþak,64440
Uþak,64,Uþak,64460
Van,65,Bahçesaray,65710
Van,65,Baþkale,65600
Van,65,Çaldýran,65970
Van,65,Çatak,65870
Van,65,Edremit,65170
Van,65,Erciþ,65400
Van,65,Erciþ,65440
Van,65,Erciþ,65450
Van,65,Gevaþ,65700
Van,65,Gürpýnar,65900
Van,65,Muradiye,65500
Van,65,Muradiye,65510
Van,65,Özalp,65570
Van,65,Özalp,65800
Van,65,Özalp,65804
Van,65,Saray,65830
Van,65,Van,65000
Van,65,Van,65030
Van,65,Van,65040
Van,65,Van,65100
Van,65,Van,65210
Van,65,Van,65220
Van,65,Van,65300
Yalova,77,Altýnova,77700
Yalova,77,Altýnova,77710
Yalova,77,Altýnova,77720
Yalova,77,Altýnova,77730
Yalova,77,Altýnova,77740
Yalova,77,Armutlu,77500
Yalova,77,Çýnarcýk,77300
Yalova,77,Çýnarcýk,77310
Yalova,77,Çýnarcýk,77320
Yalova,77,Çýnarcýk,77330
Yalova,77,Çýnarcýk,77340
Yalova,77,Çiftlikköy,77600
Yalova,77,Termal,77400
Yalova,77,Yalova,77100
Yalova,77,Yalova,77200
Yalova,77,Yalova,77210
Yozgat,66,Akdaðmadeni,66300
Yozgat,66,Aydýncýk,66510
Yozgat,66,Aydýncýk,66560
Yozgat,66,Boðazlýyan,66400
Yozgat,66,Boðazlýyan,66475
Yozgat,66,Çandýr,66620
Yozgat,66,Çayýralan,66600
Yozgat,66,Çekerek,66500
Yozgat,66,Kadýþehri,66540
Yozgat,66,Saraykent,66320
Yozgat,66,Sarýkaya,66650
Yozgat,66,Sorgun,66700
Yozgat,66,Sorgun,66710
Yozgat,66,Sorgun,66720
Yozgat,66,Sorgun,66740
Yozgat,66,Sorgun,66760
Yozgat,66,Sorgun,66790
Yozgat,66,Sorgun,66791
Yozgat,66,Sorgun,66792
Yozgat,66,Þefaatli,66800
Yozgat,66,Þefaatli,66830
Yozgat,66,Yenifakýlý,66470
Yozgat,66,Yerköy,66900
Yozgat,66,Yerköy,66920
Yozgat,66,Yozgat,66100
Zonguldak,67,Alaplý,67850
Zonguldak,67,Çaycuma,67660
Zonguldak,67,Çaycuma,67900
Zonguldak,67,Çaycuma,67960
Zonguldak,67,Çaycuma,67965
Zonguldak,67,Çaycuma,67970
Zonguldak,67,Çaycuma,67975
Zonguldak,67,Devrek,67800
Zonguldak,67,Devrek,67815
Zonguldak,67,Devrek,67825
Zonguldak,67,Devrek,67830
Zonguldak,67,Devrek,67840
Zonguldak,67,Gökçebey,67670
Zonguldak,67,Gökçebey,67680
Zonguldak,67,Gökçebey,67685
Zonguldak,67,Karadenizereðli,67300
Zonguldak,67,Karadenizereðli,67310
Zonguldak,67,Karadenizereðli,67320
Zonguldak,67,Karadenizereðli,67380
Zonguldak,67,Karadenizereðli,67390
Zonguldak,67,Zonguldak,67000
Zonguldak,67,Zonguldak,67010
Zonguldak,67,Zonguldak,67020
Zonguldak,67,Zonguldak,67030
Zonguldak,67,Zonguldak,67040
Zonguldak,67,Zonguldak,67100
Zonguldak,67,Zonguldak,67150
Zonguldak,67,Zonguldak,67155
Zonguldak,67,Zonguldak,67160
Zonguldak,67,Zonguldak,67170
Zonguldak,67,Zonguldak,67500
Zonguldak,67,Zonguldak,67510
Zonguldak,67,Zonguldak,67600
Zonguldak,67,Zonguldak,67620
Zonguldak,67,Zonguldak,67980